"cv_0","pa","lon","lat","layer.1","layer.2","layer.3","layer.4","layer.5"
3,1,-40.615,-19.921,16.9074745912887,-9.09018274647328,6.98811252687775,15.229565124037,-2.78708549388619
2,1,-40.729,-20.016,16.3138222356618,-9.00036990006923,7.30010473536622,14.9168842628321,-2.72799536192581
1,1,-41.174,-20.303,15.2168344019175,-9.04268908972001,8.19379795010843,14.4035305679921,-2.57436944770807
2,1,-41.74,-20.493,12.9993429446397,-7.81259349903195,9.07630377347039,12.5715826365339,-2.01366886479941
3,1,-42.482,-20.701,14.4284547621031,-9.30989858545591,9.24521913761991,14.2060591933109,-2.49118231757918
4,1,-40.855,-17.082,18.5659938160311,-11.2970444786067,6.50616761651664,17.1312812363916,-3.33377976614139
2,1,-41.04,-18.73,18.2015268663994,-10.8050352851801,7.37461818279734,16.4350544287273,-2.88689815490418
5,1,-41.48,-18.879,18.5518807333613,-11.39774292724,7.67862851458913,16.8935821243751,-3.1121249277681
3,1,-42.526,-19.499,17.6097349695537,-11.1254601235587,8.34947359172225,16.2174253267572,-2.97626013414547
5,1,-42.916,-20.263,16.7526279518694,-11.1472983387267,8.28349581107965,15.9883011891873,-3.11901126555431
5,1,-43.02,-20.502,15.9746512912632,-10.4989720318332,8.41501397158702,15.278985853166,-2.96039805578582
5,1,-41.778,-17.614,17.1427821469444,-11.0860385312773,7.68555964392299,15.8189032559818,-2.83848896220366
1,1,-43.117,-19.847,16.0890820130462,-10.2552257276187,8.92571063031776,14.8625201081545,-2.66258498304972
2,1,-42.873,-20.778,15.856315308857,-10.1815920860558,8.52003424367892,15.1107983423946,-2.93310146094723
4,1,-41.201,-15.178,16.7779783734426,-10.8066702740532,6.2763325656168,14.4741731670522,-2.23780925062119
5,1,-43.548,-20.291,14.595187932786,-8.6660959175566,9.81153127224188,12.8024140293017,-1.77038410005079
4,1,-43.423,-19.406,15.9283129699727,-9.55947812387627,9.78832293025207,13.814660110745,-2.21638623045396
3,1,-41.352,-12.478,17.3695603392033,-10.3742580068706,6.32603415885293,15.8060072125678,-2.24167213974304
3,1,-48.198,-25.378,NA,NA,NA,NA,NA
3,1,-48.548,-25.764,16.8044269726818,-6.51453076322889,8.4870759313901,16.2348597740451,-3.06653890503112
2,1,-47.896,-24.615,17.3471758264244,-8.71502664646074,8.079016955897,17.5547128629968,-3.5723383430497
3,1,-48.494,-25.275,17.5965209944353,-7.15405355484744,9.04223666927297,17.2200752473093,-3.37341557688968
1,1,-48.874,-25.51,14.2067009125019,-6.16458436926083,8.18958483344486,15.1095878354944,-3.20013092135688
1,1,-48.623,-25.936,17.2856607496584,-6.82672673814788,8.1769935590798,16.6112216217116,-3.17732509783825
3,1,-48.69,-26.01,17.0494761408381,-7.06904008311315,7.87712577811458,16.7007434123527,-3.32832268132512
5,1,-48.962,-26.28,16.5908085427344,-7.33471960472377,7.59655161798725,16.8439175030884,-3.59276390085182
3,1,-48.784,-26.641,16.495833714148,-7.36080310099499,7.52508307303855,16.8805518324766,-3.60251926565245
4,1,-48.87,-27.001,15.3625171620845,-7.03482917373801,7.49031607719397,16.788278237108,-3.90953371549276
2,1,-48.688,-27.45,15.2136392578227,-6.68280370275843,7.14278343830986,15.9808155896911,-3.56486939856863
5,1,-49.232,-28.619,14.9372377104069,-7.75493755760866,7.3413064292026,17.012955919829,-4.04419732078166
3,1,-49.499,-28.711,14.8344552044272,-7.87717695974108,7.0855150885036,17.153967388895,-4.16228364817711
4,1,-49.68,-28.8,14.233196041581,-7.00707371916722,7.05203963062709,16.4365642747929,-3.98732610972604
1,1,-49.726,-28.956,14.6967315367962,-7.29335279851663,6.54620455807984,16.7454559614198,-4.12008693622741
5,1,-49.86,-29.07,13.9819278318036,-5.84300430132314,6.44351895088244,15.7180798243604,-3.79862415398727
2,1,-49.857,-29.369,14.3451698978149,-5.74397241143915,5.46674402225506,15.4996171518291,-4.29492226334625
3,1,-44.781,-23.283,17.1010879502563,-7.67649014979766,9.27289935547445,16.3225298175991,-2.61629614610999
5,1,-47.921,-24.182,17.1128624512622,-8.56995975634277,8.47164292177803,17.2315267352892,-3.43336556669449
4,1,-47.249,-24.521,NA,NA,NA,NA,NA
2,1,-48.616,-24.571,16.257362120614,-8.75286673107676,7.6535736988948,17.5123849237082,-3.94422739475627
4,1,-48.257,-25.22,17.7816213784615,-6.81413757526542,9.35756973180734,17.0763753349675,-3.24237700295222
4,1,-48.716,-25.603,15.9920806535908,-6.65159319300254,8.64471448677311,16.1692422768075,-3.46515875259389
1,1,-49.23,-26.37,15.1593770003968,-7.25106616154881,7.36334229027283,16.6147699839012,-3.82811351416443
3,1,-49.05,-26.73,15.6751215603158,-7.2030898929306,7.29045941758297,16.8604776184971,-3.89170318584903
1,1,-48.871,-26.82,15.5376640550645,-7.05566152506704,7.45631337279631,16.5511820936672,-3.69616711804347
1,1,-49.77,-26.91,14.3072725095092,-7.17831938278182,7.43389914181811,16.6785630113508,-4.10969990449391
1,1,-49.14,-27,14.502015089053,-6.49859154011008,7.44396934930153,16.0296934098661,-3.70945727039095
4,1,-48.78,-27.09,15.182071938865,-6.9148359320561,7.52052173868373,16.4109367694181,-3.70027277536667
1,1,-49.41,-27.09,15.0855383262977,-7.13587234194165,7.27176698036004,16.8702979352266,-4.07755906332845
1,1,-50.038,-27.092,13.6756156620958,-6.9314616232136,7.54719860310819,16.4803707046336,-4.16129198250838
2,1,-48.78,-27.18,15.583143174615,-7.0480950788569,7.28026498599106,16.6292881980253,-3.75361509645954
2,1,-49.77,-27.27,14.5115950345325,-7.19943738930758,7.35186334098382,16.7832641062284,-4.15126812637166
5,1,-49.05,-27.358,13.9217546512509,-6.0464220283874,7.45382298263018,15.3086408348296,-3.52002155214489
1,1,-48.78,-27.36,15.2136392578227,-6.68280370275843,7.14278343830986,15.9808155896911,-3.56486939856863
4,1,-48.78,-27.54,15.3697910268879,-6.76462656864202,6.95745268132648,15.8492685265746,-3.55420265208492
4,1,-48.87,-27.63,14.0305911825744,-6.00017673251258,7.40494516054058,15.0952772647113,-3.42766609780262
1,1,-48.693,-27.718,14.4175454100249,-6.06807087271038,7.05273101452346,15.0023076385387,-3.36610702321724
3,1,-48.78,-27.99,14.5119862945775,-6.18842763112025,6.87021409778877,15.1603196328298,-3.45328782415325
2,1,-48.96,-27.994,13.4300115532565,-5.53680511778381,7.28287562596096,14.5094052097678,-3.24248295934015
2,1,-48.959,-28.263,15.0672948917532,-6.79687977972258,6.49928495250723,16.1735542392945,-3.79268599544312
1,1,-49.232,-28.353,14.7980360830744,-7.59046898542962,7.56884632420108,16.8398096861895,-3.96249167966615
3,1,-49.497,-28.529,14.659551295566,-7.78118863947152,7.59444684010858,16.9944080473563,-4.0569771902441
2,1,-49.59,-28.62,13.699240019736,-6.55999549296686,7.38954567935566,15.8515810493755,-3.74265389707648
1,1,-49.86,-28.8,12.7910750467794,-5.14106044668364,7.1268598655798,14.732228516229,-3.44411516559224
3,1,-49.983,-29.365,14.3451698978149,-5.74397241143915,5.46674402225506,15.4996171518291,-4.29492226334625
1,1,-42.004,-21.978,16.8140510269928,-9.99961740180304,7.9766928929839,16.1061653764161,-3.1163896785559
4,1,-43.893,-22.001,15.5431703181857,-9.30655478901886,9.149981924371,14.5601376226065,-2.06159249337819
2,1,-42.531,-22.305,14.288180514094,-8.13259310409793,8.57510576294061,13.4800960811952,-2.25538765305795
5,1,-43.413,-22.551,17.12451706493,-8.44914301545575,8.62281009289644,15.9762544852269,-2.58586303453716
4,1,-43.301,-22.952,17.9764614542014,-8.86434833704257,6.06996848211806,16.9417554538506,-3.08364655716521
4,1,-46.479,-23.396,14.4380471541928,-8.07831014454579,8.1467769285602,13.9702343791257,-2.0748044257689
4,1,-46.768,-23.468,14.5619010181276,-8.18032497201274,8.09579773469358,14.1012927000943,-2.16063443173512
2,1,-46.729,-23.566,14.8271900693544,-7.95506461025874,7.96863930569624,14.2611667667078,-2.17154675320368
2,1,-45.753,-23.624,13.5148879703274,-5.46254679954187,9.28251239872205,13.162108607693,-1.9163942451018
5,1,-46.888,-23.641,14.4033570602392,-7.6043563826815,8.31723081111655,14.04285356718,-2.15997609278435
2,1,-46.625,-23.656,14.706965205376,-8.06907001228113,7.76267172812152,14.1676716713579,-2.15305819572765
3,1,-46.491,-23.767,14.8527918766506,-5.08580087024324,9.61829140986724,14.0061138859223,-1.93435077618911
5,1,-46.971,-23.772,14.166261025265,-6.58333358916465,8.75145619100592,13.7621129412717,-2.06053104264221
5,1,-48.683,-24.533,14.8989764781153,-8.18656462735356,7.65298004606727,16.7074859774177,-3.75424083214077
3,1,-50.13,-27,13.6756156620958,-6.9314616232136,7.54719860310819,16.4803707046336,-4.16129198250838
4,1,-49.14,-27.27,14.7615774178425,-6.64087073043101,7.39029821232601,16.2101203968478,-3.7872795300454
4,1,-49.41,-27.27,13.8273720134897,-6.38964489413732,7.44608226471153,15.7454501652545,-3.75479198309443
3,1,-49.41,-27.36,13.5862558876252,-6.24463551079136,7.47455594879821,15.5178554490058,-3.68961967515823
2,1,-49.05,-27.54,13.6112163848006,-5.82852769615018,7.45477085606647,14.9427404733043,-3.4030070316547
1,1,-49.23,-27.9,12.8118697448152,-5.37903491053258,7.44056383465453,14.4293463750472,-3.27100706966993
4,1,-48.87,-28.08,14.3807552507223,-6.306549851736,6.96187678914409,15.4298181404414,-3.56748809058645
4,1,-49.499,-28.26,14.2930502118891,-7.09449575009419,7.56771680568361,16.2937403031697,-3.85120946370517
2,1,-42.928,-22.044,15.9995003936591,-9.34869996389147,9.20158413992433,15.1341677080675,-2.5576117041812
4,1,-44.623,-22.428,13.95828620185,-8.1643326137342,10.3513237025587,13.6015798497942,-1.73727059112821
1,1,-43.158,-22.535,17.1757606619494,-8.67759139743996,8.04104020185164,16.1677193378291,-2.79009685978176
5,1,-45.358,-22.544,12.8673254965887,-7.10098600585233,10.8431124094939,12.4452978850434,-1.43030363419426
2,1,-45.322,-23.327,13.6512045809212,-7.54556383618654,9.09005088607398,13.4237470552485,-1.84530987777089
5,1,-46.611,-23.41,14.5364864553041,-8.06129002089321,8.17854922094435,13.9652841464888,-2.07437688488654
3,1,-43.885,-21.708,14.9959025355019,-8.65132644483265,9.29288779061977,13.5628127835357,-1.7519049446872
3,1,-42.569,-22.441,14.941569247691,-8.11144211808318,8.26786984290979,13.9161962202066,-2.2254782098027
5,1,-43.362,-22.124,16.4782642254844,-9.93307120079889,8.76518166004053,15.7699890835084,-2.73146062879528
5,1,-43.318,-21.748,16.2342834574256,-9.41137464371599,9.15492237663515,14.801455474426,-2.30112058170842
5,1,-44.59,-22.034,13.0640974298095,-7.82449637116095,10.6829470233712,12.5338179487934,-1.41423817568166
5,1,-44.772,-22.127,12.9095442810481,-7.72835280766551,10.9033506141098,12.4885158994097,-1.36929956461844
5,1,-50.606,-21.133,17.0904294081066,-10.8696961046092,8.46109039458135,17.1923146855836,-2.90097965366979
1,1,-51.826,-23.279,15.0517101476764,-8.57413548121469,7.93448643777508,16.1623375836556,-3.14019829742136
1,1,-53.368,-23.691,15.9830741977318,-8.82491621853661,7.84491995902091,18.1378941279513,-4.31374662911552
4,1,-47.11,-22.822,15.3479691989667,-9.35973752080573,8.54243686695417,15.1749059208623,-2.41272111235219
2,1,-46.704,-22.935,14.3788074918486,-8.42881005131264,8.63510586971637,14.1579292143612,-2.11436429452724
1,1,-51.254,-23.45,16.0686171321964,-8.7854434358003,8.15886431880023,16.7175154736441,-3.40277582365406
5,0,-41.9166666666667,-21.9166666666667,15.5047685892669,-8.83372686761474,7.80612261049394,14.8046484888472,-2.76381439269919
3,0,-45.4166666666667,-14.9166666666667,18.4826345871863,-12.1363887605895,8.61851579961588,15.6480709868957,-2.95135151978658
5,0,-52.4166666666667,-18.5833333333333,18.5418479184098,-10.4864911885134,8.57081245696165,15.6149238298967,-2.80651019526327
5,0,-44.75,-19.5833333333333,16.8415566535597,-10.8793527403159,9.50785326658832,15.4072541403382,-2.16168706515789
5,0,-51.25,-25.0833333333333,13.7100365426588,-6.4203335056218,7.78549487158864,15.8057528931172,-3.48040189265101
3,0,-49.5833333333333,-24.75,13.6688726068858,-7.38399256468213,8.01977620228488,15.7603735286238,-3.62593290197756
2,0,-44.4166666666667,-16.75,16.9899746657191,-11.4781769313044,9.35979948573604,15.2611905858231,-3.00447923608402
3,0,-49.25,-17.75,18.2900440835067,-11.6095150119093,8.50992404053553,15.9401525061027,-3.11537784317535
1,0,-40.4166666666667,-14.9166666666667,17.0146079116988,-9.28062840267994,4.98351835109181,15.5526449737628,-2.57814742257845
2,0,-43.25,-12.9166666666667,20.0884541573802,-13.6759441344105,7.01436902676284,17.4689578864802,-3.06983899037199
2,0,-48.25,-22.4166666666667,15.3979790847087,-9.29125391375766,8.8110213418558,15.2472065466273,-2.21745992979872
5,0,-52.75,-22.0833333333333,17.3209016424373,-10.3496618376981,7.59605801502064,17.7823381534802,-3.29328152611172
2,0,-43.0833333333333,-12.75,19.5845274329829,-13.551038690021,6.91319138642886,17.41536739315,-3.10552192030811
1,0,-42.75,-15.75,15.9215746247606,-10.9184247445329,7.78028992470487,14.0157865922154,-2.07002371912177
4,0,-51.4166666666667,-22.75,16.7306580580385,-9.96927888310879,7.85405997710062,17.6339372722693,-3.49014782242703
5,0,-42.5833333333333,-14.9166666666667,17.3226936057677,-11.1884502394771,6.87391598465227,14.2337092471665,-1.67084645994459
3,0,-50.25,-24.9166666666667,14.0504002141164,-7.36004176211781,7.66604758697774,15.9926313929155,-3.50148766847798
5,0,-44.4166666666667,-19.75,17.1265029600149,-10.8250981638525,9.71545957194466,15.2455291813947,-2.35095898584965
4,0,-54.0833333333333,-19.0833333333333,19.714899916042,-11.2057724246385,8.09236615800583,17.2069140290848,-3.47814361013054
2,0,-51.5833333333333,-27.9166666666667,13.5614137794775,-5.47586280879719,7.4682433474698,15.3277461761458,-4.84477448567404
4,0,-47.4166666666667,-16.4166666666667,17.0535466757415,-10.8661910942991,8.28124998164976,14.8046290518074,-2.53337342330938
3,0,-51.25,-24.9166666666667,14.1789625262008,-7.10054143881203,7.90247925081779,16.3774876670093,-3.97142706292981
5,0,-50.4166666666667,-28.4166666666667,12.2583172887548,-5.10130401566749,7.06877286154077,14.4565739133165,-4.18966417044617
5,0,-51.25,-16.0833333333333,20.8262748609441,-11.9867228573721,8.84010431974951,16.0811740848738,-3.19336977526841
3,0,-42.25,-9.08333333333333,20.6996873083452,-14.0722247241274,6.41956686226558,18.1894107755328,-2.83830131275834
2,0,-57.25,-21.4166666666667,17.9773695463716,-10.3393937019418,7.4245969575554,18.6491837575347,-3.98567248053024
5,0,-39.0833333333333,-7.91666666666666,18.7043587363547,-12.6394741537545,5.74945312650516,15.7201582256596,-2.81378149179959
3,0,-52.25,-26.9166666666667,13.8026194177534,-4.73085946353434,9.06253221372565,16.0409296072263,-4.90138249505117
5,0,-54.75,-22.0833333333333,17.7960030451687,-10.0023563201591,7.61978767190641,17.8190295821047,-3.93412272681012
2,0,-46.75,-22.5833333333333,14.8453192925177,-8.68143338636755,9.27396535176844,14.2321115040434,-1.89671585469154
5,0,-53.5833333333333,-19.9166666666667,18.9813425088056,-10.4356720089073,8.15898140795187,16.8531484781235,-2.70624556808774
3,0,-42.5833333333333,-20.5833333333333,15.4976585660799,-10.1450224744579,8.77907419095072,15.0729424441029,-2.82655659923815
2,0,-54.9166666666667,-22.4166666666667,17.6648113311933,-9.76631288007436,7.66365103548511,17.803432639037,-4.0368270321007
1,0,-43.25,-16.25,16.4974336208446,-11.4589971533797,7.95814252893059,14.9381954831166,-2.40432171628831
2,0,-47.5833333333333,-17.5833333333333,18.1379450638334,-11.2405916822616,8.64257564789416,15.6600630912517,-3.0833472667797
3,0,-48.5833333333333,-20.75,17.4698077069529,-10.5952970633208,8.860827812768,16.0322394850527,-2.17745680347155
4,0,-41.5833333333333,-21.25,17.9017775881494,-10.8414999132861,7.18751851792948,16.611360851991,-3.24401244906738
5,0,-42.75,-11.25,18.5305875095576,-13.2322307011648,6.79917436062458,16.7934305410905,-2.92581337751108
1,0,-48.0833333333333,-24.0833333333333,13.8477935344935,-7.96492002219909,7.78123174702761,14.9873489811166,-2.92537870582086
1,0,-52.0833333333333,-21.25,17.7021907649703,-10.7720234440465,7.83420377835152,17.4845127493429,-2.9600142963965
2,0,-41.4166666666667,-9.08333333333333,19.5639783071911,-13.6766378026892,6.01837217012893,17.4685121910276,-2.67605381318278
3,0,-51.5833333333333,-19.9166666666667,18.5810059341355,-10.6830326523371,9.04980160915246,16.9366069550578,-2.64073911279473
4,0,-45.25,-16.0833333333333,17.6795012944324,-12.8091780136274,9.24427766253258,16.5811065302292,-3.55669758653556
5,0,-53.9166666666667,-21.0833333333333,18.5756247764224,-10.1327192236676,7.74765701240815,17.2209164501222,-2.64628607411666
4,0,-53.75,-17.9166666666667,19.6067173908945,-11.6039502949995,8.56313639181327,17.1416561342851,-3.42430117964141
2,0,-48.75,-20.25,18.1287220359324,-11.1855795125028,9.12887474932597,16.8460580530932,-2.46184761922219
3,0,-48.5833333333333,-20.5833333333333,17.5777389857806,-10.7671591169754,8.79312116088909,16.2688537270456,-2.29662535061932
4,0,-38.25,-10.25,18.3370834562764,-10.7772802888498,4.43006823700144,16.8083067862169,-3.54824965658443
4,0,-46.25,-13.25,19.570680564112,-11.5779917856044,7.76141093372245,14.6938819553549,-3.16191262279279
5,0,-38.4166666666667,-9.91666666666666,17.7255498193351,-10.7000527544074,4.6508152740312,16.5231657042844,-3.40677025510043
4,0,-54.75,-23.75,16.7471728479268,-8.76483928294961,8.04449443303483,17.9900478762624,-4.44447002902012
3,0,-55.9166666666667,-20.0833333333333,19.1483323603685,-10.7623921646424,8.32868355215363,18.3385330892675,-3.14483725826559
2,0,-41.9166666666667,-21.25,18.1482184169438,-11.243063405288,7.87757177593284,16.9423233179628,-3.37839166581045
2,0,-40.4166666666667,-14.25,16.5664208477874,-10.1811621423464,4.68732244534817,14.4824848068841,-2.10070493370617
1,0,-50.4166666666667,-25.0833333333333,14.0173569458374,-7.38143241280214,7.71263945024505,16.2706542747739,-3.59706492477813
4,0,-48.9166666666667,-16.25,18.1397599951938,-10.5916692943016,7.29467207579453,14.0683793298279,-2.78223050181801
3,0,-48.25,-23.25,15.2823170857593,-9.37046788358378,8.14755667255577,15.501879993632,-2.62173898873953
3,0,-48.5833333333333,-18.4166666666667,18.2720179832006,-11.6646857006303,9.13985043830167,16.702911529619,-2.45502110334592
1,0,-53.4166666666667,-25.25,14.5660604467516,-6.98053884745941,8.83468596872625,17.5853002092186,-4.35414226499711
1,0,-41.4166666666667,-18.5833333333333,17.7046836595692,-10.750242772958,7.7426465794264,16.0922506267644,-2.88649140643311
4,0,-39.75,-17.5833333333333,19.550917364958,-9.42317971633623,4.95766568384391,17.4929832058275,-3.02858970299558
5,0,-44.5833333333333,-13.75,18.3617418447959,-12.606089088872,7.39722107354345,15.9060777379387,-2.91781517155359
3,0,-42.75,-14.25,18.1212678758146,-12.2107482711871,6.79072912693827,15.7293520146971,-2.10467739903226
3,0,-57.0833333333333,-21.4166666666667,18.0802181109822,-10.3211808437415,7.42893574932978,18.6527327392698,-3.9275825296641
3,0,-47.4166666666667,-22.9166666666667,15.42883983278,-9.48712097004153,8.3914083082296,15.4740832955258,-2.41866432501086
4,0,-41.9166666666667,-22.4166666666667,18.1156520219844,-9.62384682968561,5.68430135102521,16.5184330683951,-3.21047464796113
2,0,-45.75,-16.5833333333333,17.5689452336305,-12.0893715269114,8.66717246252229,15.8969412592427,-3.0756320276753
2,0,-45.5833333333333,-19.25,17.7104710953517,-11.1600723910616,9.71917301603808,16.0349158812602,-2.39432807082697
2,0,-49.4166666666667,-20.9166666666667,17.2958992680706,-10.753815031056,8.65759877354728,16.5623266553753,-2.29077456534942
1,0,-43.75,-15.25,18.9017858774954,-12.894812868482,7.17234928599981,16.4217185408292,-3.06046825547466
4,0,-40.5833333333333,-10.0833333333333,17.3741736120784,-12.3700919466322,5.28675376899341,16.2908252913147,-2.27479246810723
2,0,-43.75,-15.5833333333333,18.7208162224674,-12.7897558851499,7.21662780726881,16.3463347573912,-2.91543650733156
4,0,-42.75,-19.4166666666667,15.7231872897112,-9.65679219699705,9.29665052874813,14.1941603280545,-2.42343665466193
4,0,-44.0833333333333,-17.4166666666667,17.4787594230534,-11.7046392506081,8.54515863444048,15.6598729191333,-2.4865703744532
3,0,-49.75,-24.9166666666667,13.7737583142712,-7.00594680277022,8.06386446542382,15.5530363100583,-3.39943893822314
1,0,-50.25,-23.4166666666667,15.7808072722171,-8.74802682851492,7.76593510452955,17.1883516846811,-3.5003332816184
2,0,-52.9166666666667,-22.25,17.4083650171248,-10.4004581943068,7.58667139604968,17.9305595666677,-3.38906320375213
3,0,-53.5833333333333,-21.4166666666667,18.450261979694,-10.2851080081798,7.67663358208869,17.489536929734,-2.86087971585332
3,0,-48.0833333333333,-23.4166666666667,14.8133964767537,-9.09851079539129,7.9094243542251,15.185183500421,-2.65664963548104
1,0,-50.9166666666667,-28.5833333333333,12.7840637962523,-4.72218814673973,7.25718001440684,14.7184127959432,-4.3613148939746
3,0,-51.5833333333333,-23.0833333333333,15.8766211686871,-9.01947987661577,7.97596800268357,16.7676080439261,-3.2445275493162
4,0,-41.25,-18.4166666666667,17.9417394992392,-10.7452929715963,7.45081107681627,16.2999763355741,-2.95674936400738
3,0,-40.25,-8.58333333333333,18.8913955704698,-13.0963187481938,5.87307176509472,17.0258512018218,-2.79225372179249
4,0,-44.75,-10.25,19.4790744894498,-13.8488284038392,7.94671143418426,18.019188373271,-3.79949317242335
1,0,-56.75,-20.0833333333333,19.298802538982,-11.153167885787,7.70018317581132,18.5162202902862,-3.36913328015577
4,0,-54.5833333333333,-30.0833333333333,14.9884499199233,-7.17240936141853,7.14976819685176,18.276317787045,-5.97718370720969
1,0,-49.75,-19.0833333333333,19.3903369381244,-11.7312175730157,8.51382010492347,16.2815999620867,-3.06813631972669
5,0,-44.5833333333333,-12.5833333333333,18.0533325702719,-12.5517821255403,7.95270310215673,16.4056517939589,-2.97572824995127
3,0,-39.0833333333333,-9.75,17.8291865637971,-12.0402619740609,5.04161876101239,17.0255219479114,-3.07522088641933
2,0,-53.9166666666667,-19.4166666666667,19.1438648035809,-10.739408972924,8.03053722374945,16.6461914766124,-3.26665765622721
5,0,-53.75,-31.75,13.0808334628972,-7.57539226979401,6.67267992077675,16.2902482193441,-6.2567845031101
3,0,-39.4166666666667,-9.75,17.7933351065508,-12.2245276194842,5.32920529904902,17.1750110196158,-2.95456939972496
1,0,-53.4166666666667,-22.4166666666667,17.8326406734898,-10.3136580652541,7.86512707588692,17.7847189241695,-3.57880057665923
3,0,-51.0833333333333,-20.25,17.9414991962749,-10.8504894865049,8.80913080622136,17.2899358654127,-2.65277370292743
1,0,-41.25,-8.58333333333333,19.5458701084222,-13.7169769859712,5.84763677170408,17.3584679910249,-2.96900954773097
5,0,-55.75,-19.4166666666667,19.8414397109382,-11.1725198210104,8.18238717076511,18.5180512828623,-3.07266227454849
2,0,-40.75,-12.0833333333333,17.1104475568181,-9.96092991450434,4.93502769737038,16.0480823930295,-2.54505874206595
4,0,-40.5833333333333,-12.9166666666667,18.1596549775846,-10.6041535712019,4.9726270235145,16.03999968622,-2.12013025352904
4,0,-42.9166666666667,-18.9166666666667,15.9599267447574,-9.80956984225294,9.79865258238135,14.1716776356231,-2.55803528987831
2,0,-44.4166666666667,-11.75,18.7064524224873,-13.7686559257931,8.21417512756327,17.8671853599305,-3.77018659852777
2,0,-52.0833333333333,-19.9166666666667,19.06235146315,-10.8203430915474,8.71110718831055,17.3032566134163,-2.63917438773749
5,0,-53.4166666666667,-18.75,18.9507640339564,-10.8106699556159,8.38478262000197,16.3773761773967,-3.11096582142033
1,0,-43.0833333333333,-22.9166666666667,18.3397823218481,-9.28639483611447,5.79019306873647,17.393329668029,-3.23893367408975
4,0,-42.25,-15.0833333333333,16.3559484461917,-11.0500986108596,6.60854917137764,14.3420099277117,-2.02690011436497
2,0,-45.25,-9.08333333333333,20.2459272362675,-13.2210815659582,6.86461812369856,16.8804181829742,-3.74070890964035
5,0,-37.9166666666667,-10.4166666666667,18.8060513685788,-11.073992550922,3.89105909556511,16.7742893439433,-3.29432482004515
1,0,-52.0833333333333,-16.4166666666667,19.3931285093772,-11.4518745336853,9.34184757625605,15.6386547200789,-3.11941480855135
5,0,-38.9166666666667,-8.25,18.2268441239762,-12.1531085656078,5.36435340313997,15.8577544072632,-3.02693060917279
3,0,-42.0833333333333,-15.0833333333333,16.5904086759146,-11.3925193744364,6.49801817555335,14.7125192220165,-2.20666260834587
4,0,-47.9166666666667,-22.0833333333333,15.7702043499111,-9.05563659948984,8.50309231466097,14.6024257197582,-2.07986841026325
3,0,-47.75,-23.9166666666667,13.8550366284497,-7.70641524840885,8.01550127928567,14.2956282956678,-2.59744255941722
3,0,-51.4166666666667,-25.75,12.2089177477647,-5.28953941638246,7.94685155483364,14.4972474720431,-3.68670014615993
4,0,-43.5833333333333,-19.75,16.1655081245966,-9.7598904069485,9.47830114163151,13.9180970173108,-2.06133025966028
5,0,-50.5833333333333,-23.25,15.771553474521,-9.12894335683319,7.80123141938533,17.027288513704,-3.29973916027587
4,0,-52.25,-25.75,13.958339553768,-6.59270668216616,8.64458815134801,17.0923465354086,-4.18179279014165
3,0,-54.9166666666667,-21.5833333333333,18.1332500080935,-10.0986187768899,7.496464152435,17.7659608786152,-3.40239234729957
2,0,-43.5833333333333,-21.9166666666667,15.9065750014619,-9.40448477878056,8.62142922845639,14.6210824065581,-2.16314124286806
5,0,-40.75,-18.75,18.9933294854478,-10.9180727404848,6.78417681767177,16.9019991080354,-2.89631909979015
3,0,-49.25,-26.9166666666667,15.722468071359,-7.3017202139036,7.25860321215629,17.223257553618,-4.13875808043556
4,0,-39.4166666666667,-11.4166666666667,17.8165312660399,-11.100650599202,4.5747624178354,17.0069051916711,-2.88788429132944
5,0,-52.75,-32.25,13.1391339518043,-7.10316211663085,6.2505062128395,15.8979964544739,-6.23537366106067
5,0,-44.9166666666667,-12.4166666666667,18.7940923400237,-12.7542532922522,8.56645778530618,16.798323223348,-3.26220386594533
5,0,-43.4166666666667,-17.0833333333333,16.2854415585553,-10.8214858669647,8.20090050987416,14.2874859828344,-2.14779502661189
4,0,-40.5833333333333,-18.5833333333333,19.0223068643768,-10.7039435515832,6.47355764978573,16.8969470632037,-2.91807640339883
3,0,-52.25,-22.0833333333333,17.0821223589057,-10.3718741108544,7.57796859504563,17.8073058029995,-3.3692910684377
2,0,-55.5833333333333,-21.0833333333333,17.9774723580924,-10.1409118792076,7.87629995336927,17.6013843288338,-3.30162723575357
5,0,-52.9166666666667,-30.0833333333333,14.8981197425655,-7.32342020097338,6.6811880289787,17.7609825681327,-4.86049424135956
4,0,-52.75,-16.9166666666667,19.245183235456,-11.4838754568208,9.47451272346577,16.2620343953631,-3.28170178234571
2,0,-41.9166666666667,-20.4166666666667,14.7637118539088,-9.58305413412698,9.06799925627799,14.5214564532192,-2.63001912527911
5,0,-54.4166666666667,-25.4166666666667,15.7208952117317,-8.13805866567074,8.70296707748376,18.4411991178744,-5.08991746641033
2,0,-48.75,-18.0833333333333,18.483450442025,-12.0724307882972,8.61810053100607,16.3051073838277,-3.33905393545765
3,0,-41.4166666666667,-14.4166666666667,17.1025850041535,-11.7437453770689,5.71364165960373,15.4405260387819,-2.3366374054719
4,0,-41.0833333333333,-20.9166666666667,18.9099029171504,-10.9213387139288,6.24116954599846,17.3841566423074,-3.60238210977158
2,0,-47.4166666666667,-23.5833333333333,14.3748070180375,-8.24227762723976,7.88929338397734,14.386478223607,-2.40629355463741
1,0,-53.9166666666667,-24.4166666666667,15.7667431153061,-8.41253614081029,8.24238783248145,18.0890043808193,-4.36976275082038
1,0,-44.0833333333333,-14.75,18.7299452164976,-13.047486915096,7.47629751759331,16.581293424604,-3.1262778130613
3,0,-50.9166666666667,-18.4166666666667,19.4781779379898,-11.0924414180765,8.5455476326907,15.951507112455,-2.72942475961302
3,0,-52.4166666666667,-21.75,17.494953508996,-10.4982455115882,7.61756873074838,17.8303775448892,-3.20617541597264
2,0,-38.5833333333333,-10.9166666666667,18.6079398042069,-10.9832762764145,5.13593752578882,17.2019953792872,-3.64701235582251
1,0,-51.75,-17.4166666666667,18.3239186999728,-10.530836430429,8.63156518059906,14.9381691692215,-2.52220088790338
3,0,-41.5833333333333,-13.25,16.4709977118694,-10.481282096635,6.86462498420783,15.2573373820313,-2.13026101247558
5,0,-49.25,-19.25,18.3232452024696,-11.3410812091518,9.14649355059479,16.6967180159646,-2.30415035538927
1,0,-39.9166666666667,-17.5833333333333,19.3860440072331,-9.78398351191195,5.07447220765208,17.3737086009793,-3.00833885413609
2,0,-47.0833333333333,-17.25,18.2725028693617,-10.8457890136401,8.25474028786228,16.6520371886738,-2.53690930202079
2,0,-42.0833333333333,-16.75,17.9213640351885,-12.855307272765,7.85437092507702,17.031097007527,-3.11575032387292
3,0,-52.75,-27.4166666666667,15.5574867457653,-6.10091776062374,7.53901569523891,17.1738064728015,-4.84903584138421
1,0,-45.5833333333333,-13.75,19.1157305469859,-12.2604170928925,7.86119638456069,15.5083937600383,-2.82444071184006
4,0,-39.0833333333333,-12.9166666666667,19.7286796035671,-7.94640769317413,4.41525417192456,15.9028689082922,-3.47396206915434
4,0,-50.75,-18.5833333333333,19.4666137030392,-11.2034439933682,8.56177584371992,16.0540876930716,-2.82183224707444
5,0,-48.5833333333333,-21.25,17.0348416019095,-10.3608223145753,8.8249197274636,15.796715614722,-2.08762520607248
4,0,-56.0833333333333,-19.9166666666667,19.3646559152071,-10.9205131368829,8.16813372386213,18.4520487723853,-3.05584494503179
5,0,-44.4166666666667,-18.25,17.5761380322555,-11.869136782513,9.05719698795511,15.889585792628,-2.79305433795653
2,0,-45.5833333333333,-17.0833333333333,18.1936383934888,-12.2167487654823,9.15972680487238,16.5277562430508,-2.74770053988782
1,0,-39.4166666666667,-8.58333333333333,19.9643208840847,-13.3976067102953,5.25196366485572,16.7458203734147,-3.100982200407
1,0,-56.9166666666667,-21.4166666666667,17.7307392907183,-10.0911304431779,7.47802043209823,18.2785563713076,-3.80811736852593
2,0,-42.4166666666667,-11.25,18.2553796894574,-13.2141550276142,6.61456105105547,16.7154987181448,-3.06123984408271
2,0,-53.0833333333333,-28.5833333333333,14.5895832226032,-6.54866626307135,7.29638336821966,17.1655761144297,-4.92042849716458
3,0,-46.25,-18.4166666666667,18.2861198702743,-10.6632505730039,9.0532467894957,15.102169767526,-1.72023475478776
3,0,-47.5833333333333,-19.75,16.853952456627,-9.54932793909058,9.35037641720803,14.4167083076019,-1.57751667646071
1,0,-40.4166666666667,-9.41666666666666,18.7033277187154,-13.4178596353582,6.03913587088036,17.4517124511674,-2.53862669650384
5,0,-54.75,-29.75,14.8900429765871,-6.88696126716249,7.35602216341761,18.1368241277375,-6.30976777604006
5,0,-40.9166666666667,-13.5833333333333,18.0781924998196,-11.4850868091678,5.27127089046298,15.754003129047,-2.08085595634553
2,0,-52.9166666666667,-27.4166666666667,15.5403834367211,-6.10632980629144,7.53263339668994,17.2296338521691,-4.96478872707772
1,0,-49.75,-25.0833333333333,14.3226412333993,-7.40244554844828,7.9703732441525,16.0599395865184,-3.45261484021883
4,0,-46.25,-15.5833333333333,18.8967655913307,-12.2212576170132,8.45192289222879,15.8921022970644,-2.89080388660951
3,0,-39.0833333333333,-15.5833333333333,20.1492117283301,-7.30024642362922,4.85715152090131,17.2615262911851,-2.84240120847321
2,0,-52.5833333333333,-22.4166666666667,16.9249649617976,-10.2431898197216,7.54486425377966,17.7396678566385,-3.49499205526033
3,0,-54.75,-18.0833333333333,19.6313065300916,-11.6215555609689,8.29210696894799,17.434616517047,-3.75390122672266
4,0,-42.25,-17.9166666666667,17.7145959080838,-11.6149159133596,8.12613452083958,16.1948007494473,-2.98155267825722
4,0,-53.5833333333333,-19.5833333333333,19.0862831208577,-10.697654161159,8.00638276985826,16.5620485024619,-3.17144197058759
2,0,-55.25,-21.9166666666667,17.5324062478326,-9.91935573218178,7.51846439365717,17.9407579806108,-4.02722906243178
4,0,-41.25,-7.75,20.6717821098676,-13.7296706242646,5.71811566163405,17.3146874587434,-3.16031082184162
3,0,-45.4166666666667,-11.25,18.2384122562229,-13.2639524007053,8.22892337837454,17.2165787238801,-3.4784212876529
3,0,-43.75,-14.0833333333333,19.2338724674847,-13.272267114749,6.79326314330366,16.864576965438,-2.96547130762173
2,0,-48.9166666666667,-18.75,17.3095991630647,-11.1254968711104,9.16631535039686,16.213370823483,-2.36038124459199
2,0,-52.9166666666667,-28.5833333333333,14.5152863411867,-6.5429359721163,7.20692186564275,17.0758859693766,-4.8482267916273
5,0,-37.9166666666667,-10.25,18.6273742553441,-11.038815314737,3.77263358666313,16.8481442348355,-3.32329173873491
5,0,-42.0833333333333,-20.0833333333333,14.8667830672464,-9.5223427358268,8.87589994767456,14.2745548361781,-2.4674957948385
4,0,-46.75,-22.4166666666667,15.4986367346313,-9.25879006782344,9.24537043038195,14.9327044444121,-2.14054643282363
1,0,-50.0833333333333,-17.25,19.6896186091061,-11.9352347181081,7.72093722989889,15.9470514066149,-3.72693652148798
4,0,-48.4166666666667,-24.9166666666667,14.7090208328634,-6.95349370124844,7.9506912330652,15.6620571737703,-3.47066938710563
1,0,-41.5833333333333,-18.4166666666667,18.1922060915955,-11.2246974938984,7.78921938205777,16.4860677705043,-3.08605858105395
1,0,-49.9166666666667,-26.4166666666667,12.6379198660162,-6.80203647173661,7.76869404520615,15.6719750619016,-3.82863479240777
4,0,-39.4166666666667,-8.08333333333333,19.1505255446633,-12.7511554640062,5.57242154452218,16.4698189734985,-2.91656303294696
5,0,-43.9166666666667,-18.5833333333333,15.8911627281657,-10.1065258546875,9.2333387052137,14.104305836196,-2.34899043363836
2,0,-37.4166666666667,-10.5833333333333,19.3669465758328,-10.066629758974,4.31846138754637,15.3347046218314,-3.65010768597269
5,0,-46.5833333333333,-17.25,18.6900637567689,-11.3935629416073,8.58526176961133,16.4714372171684,-2.31183112323401
2,0,-42.25,-8.75,20.5373673561474,-14.2388275259392,6.5632300200144,18.3832234156315,-2.97695659884686
4,0,-42.75,-9.58333333333333,20.2000009343143,-13.974162557362,6.25196255201261,17.7505815421471,-2.90557141621495
1,0,-49.25,-27.75,12.9717410046923,-5.56103900582503,7.49438968427962,14.6219704182258,-3.34599321243341
2,0,-46.0833333333333,-13.9166666666667,19.2933022795274,-11.7974437865537,7.82942091360794,14.8706904732732,-3.26005353747832
1,0,-55.4166666666667,-22.5833333333333,16.7012947878647,-9.23700660486218,7.8693381353001,17.5014971631176,-3.91586372687088
5,0,-49.5833333333333,-24.4166666666667,12.8486631804148,-7.41941692514573,8.42310626825309,15.3511053539575,-3.70253765362359
3,0,-53.5833333333333,-31.5833333333333,13.0137555262388,-7.11937122973298,6.69347891078744,15.9699993975793,-6.01328275214084
1,0,-41.0833333333333,-7.75,20.3860349686073,-13.663856963904,5.44569092714268,17.1024278228947,-3.06262024361756
4,0,-52.5833333333333,-30.5833333333333,13.1821789771931,-5.94195081692548,6.52568273716706,15.4715429857892,-5.60169931921267
1,0,-52.4166666666667,-23.75,15.6208603221907,-8.35306792034392,7.5669458505025,17.190708267375,-3.6443347349888
5,0,-42.5833333333333,-7.41666666666666,21.9032913611677,-13.8336103818343,6.3334070262308,17.6597704266054,-3.42804710244005
4,0,-51.4166666666667,-21.0833333333333,17.2018890538399,-10.7753553183774,7.85849061559624,17.2679644493092,-2.93707584220413
5,0,-54.25,-27.4166666666667,14.8445189505629,-7.09157337078501,8.03134082441413,17.9944359152658,-6.09603701630423
3,0,-44.9166666666667,-16.25,17.3776725882322,-12.6603982474999,9.51848987339463,16.5588165053765,-3.61689911654578
5,0,-43.9166666666667,-13.75,18.6491267264571,-12.807367932871,6.98569689536445,16.2538545612467,-2.79652664319179
3,0,-52.9166666666667,-31.75,13.2214685717949,-7.09741657115253,6.67763213866382,16.0744009888733,-6.22962323051708
2,0,-51.0833333333333,-18.25,19.2945185189009,-10.6599912125214,9.02001022371584,16.2057961186789,-1.93885414900089
5,0,-52.5833333333333,-26.25,13.5696605666649,-6.15992826347863,9.39625701627758,17.1610850497263,-4.29155257771873
1,0,-45.75,-14.0833333333333,18.8753798697213,-11.8380548143921,8.13090790489599,15.3204398417517,-2.75383533785752
5,0,-45.75,-19.0833333333333,17.4155267769763,-10.7232889683529,9.64947614443418,15.4134783797739,-2.19031602948952
3,0,-49.75,-21.5833333333333,16.6095335407134,-10.3598472503066,8.56653890927012,16.8894959992069,-2.81775175891205
2,0,-43.5833333333333,-18.5833333333333,15.5999044164494,-9.59530553845726,9.48084787786339,13.4810971313441,-2.41610796895857
1,0,-49.75,-22.0833333333333,15.9499954187154,-9.86520519976027,8.58113695079933,16.6412895169885,-2.86296714225433
2,0,-55.0833333333333,-28.9166666666667,14.2127393886962,-6.47299740084734,8.07268516691739,17.7491694520811,-6.40795212834286
5,0,-40.0833333333333,-13.4166666666667,16.5088945650615,-8.9900314908359,4.20412473335743,14.7726572452871,-2.09867896098563
4,0,-52.75,-18.4166666666667,18.2756380231122,-10.3967056829213,8.69315522754774,15.5445061334921,-2.77979119633562
2,0,-42.0833333333333,-19.75,15.8537171461569,-10.1286946428425,8.67956035731821,15.0262895623175,-2.61369170631452
5,0,-45.0833333333333,-22.75,15.3843580253948,-9.46106290602138,9.0012776056047,15.2841737757518,-2.31541665732417
5,0,-45.9166666666667,-11.0833333333333,18.9047221239027,-12.6787886070674,8.29439015026874,16.6401761873499,-3.17727675001919
3,0,-52.0833333333333,-17.5833333333333,18.7391283105962,-10.7016922750245,8.80144802933032,15.3592778697147,-2.70211761414057
2,0,-41.0833333333333,-8.75,19.2396823011726,-13.573304941306,6.04071134205549,17.117621209603,-2.80458181442084
3,0,-44.75,-20.0833333333333,16.6717216585573,-10.821225562501,9.82523315067174,15.1564992394813,-2.20660550746448
2,0,-45.9166666666667,-18.0833333333333,17.984655131559,-10.8891207470527,9.37185474274778,15.1428845081954,-1.90009780370369
5,0,-50.0833333333333,-20.5833333333333,17.371163339812,-10.8260108759699,8.65723758026748,16.8953749852652,-2.51958811322041
2,0,-42.75,-16.0833333333333,16.3813709375442,-11.3804965071677,7.98769683890571,14.8716734546231,-2.41864539149742
1,0,-43.75,-21.75,15.9569376199987,-9.37808588249247,8.92318153373998,14.552632468145,-2.05415114540608
3,0,-47.75,-23.5833333333333,14.8112875312532,-8.98023637367859,7.3985817772184,15.1704832333258,-2.72764854701229
5,0,-44.75,-9.41666666666666,20.1134687250345,-13.4137691614632,6.91142774422541,17.0524796028296,-3.73678175090915
5,0,-39.4166666666667,-11.25,18.0250816311163,-11.2948640789064,4.86302145018538,17.2463879929121,-3.00604912792958
2,0,-51.5833333333333,-28.0833333333333,13.59724638232,-5.51097862921213,7.40327575311767,15.4848812549252,-4.82740567558293
3,0,-39.75,-18.25,19.6421737963823,-8.8473655716552,5.44302731874526,17.1675926366584,-3.20209676343828
2,0,-37.5833333333333,-10.75,19.6375633204462,-10.0169997355102,4.76675745852149,15.5818116924504,-3.69930095559958
1,0,-43.0833333333333,-19.25,16.979594946192,-10.4527197034684,9.70919588212923,15.0595815325855,-2.75366965554782
4,0,-41.9166666666667,-21.75,16.8189692033018,-10.2483168546697,7.76391819289013,16.3822006348236,-3.29227270644422
1,0,-56.9166666666667,-20.25,18.423911166505,-10.589340270188,7.80455089327014,17.9164227520727,-3.20258178493362
3,0,-45.4166666666667,-19.75,17.0837957220748,-11.0185648430777,9.80143029684819,15.9192552028032,-2.6105875488601
1,0,-42.0833333333333,-19.4166666666667,17.6297383691668,-11.1626164467141,8.37056323142498,16.389091621457,-2.90547035510315
5,0,-42.0833333333333,-8.08333333333333,20.964000833891,-14.4085309417906,6.74054351049239,18.1714015005479,-3.16743797684283
4,0,-47.4166666666667,-21.5833333333333,16.1841793831738,-9.66970795647727,9.1415471916438,15.1269398964635,-2.12274716264114
3,0,-45.25,-13.5833333333333,18.8825426472598,-12.503785733051,7.61888665416235,15.7346269158837,-2.88593841421241
1,0,-47.25,-17.75,18.0013774207091,-10.5113347390067,8.75835448322887,15.498848572764,-1.99686068036558
5,0,-50.25,-22.25,16.027761550734,-10.0666537563972,8.34427324530479,16.9616610284029,-3.10345405886548
3,0,-40.4166666666667,-11.5833333333333,17.9305423863867,-10.4612624277435,4.9442661681154,16.7714983501721,-2.76166543194504
2,0,-51.75,-25.5833333333333,13.0745968096263,-5.80596752802885,7.92545995561533,15.3201149573913,-3.96933460684549
1,0,-46.75,-22.75,14.551917354858,-8.47331142370308,9.05715339018171,14.1029437716516,-1.97880590269083
2,0,-54.4166666666667,-28.25,16.0040082556802,-6.96835365180402,7.87476501925,18.7226356194458,-6.11535407829852
3,0,-39.9166666666667,-7.58333333333333,18.0704130232719,-11.4325404501533,5.83320304977843,14.9095821364353,-2.59665321980913
5,0,-39.0833333333333,-10.75,18.1850080889305,-11.8969908573581,4.7891951162236,17.8645026980714,-3.680401334869
1,0,-54.25,-18.5833333333333,19.8476939585349,-11.4919802115826,8.23994877391763,17.4278068966101,-3.6570464079985
3,0,-43.5833333333333,-14.25,19.1180215711812,-13.2545596629403,6.76298731882902,16.7995292997186,-2.96868266809963
1,0,-57.25,-20.4166666666667,19.2830410167978,-11.2754668909796,7.50876872300977,19.0667410279466,-3.74010865425875
3,0,-47.0833333333333,-19.4166666666667,16.5431596173857,-9.39482453585365,9.549522843247,14.1432172436742,-1.66835448547659
4,0,-47.75,-21.5833333333333,16.5905583657955,-9.91330561304259,8.94756717854239,15.6273591956186,-2.32687730707677
1,0,-54.9166666666667,-18.75,19.3210458831997,-11.2170459481528,8.19421592541264,17.2423497648836,-3.74602356001574
4,0,-43.75,-16.5833333333333,17.7013666375428,-12.2270455220103,8.11319464217612,15.5994162840854,-2.46561658027094
2,0,-44.9166666666667,-10.9166666666667,18.2598264038841,-13.6421769757569,8.51013770429985,17.6512765597645,-3.81546253681591
5,0,-46.5833333333333,-15.4166666666667,18.2777255354738,-11.2631983291811,8.42499880106879,14.8598708121669,-2.59870561689509
4,0,-52.4166666666667,-16.4166666666667,18.6870265403561,-11.3177634163015,9.53435834777052,15.6406793625518,-3.1667141199265
3,0,-48.4166666666667,-21.5833333333333,16.6678186842917,-10.1784794500013,8.85237178361795,15.7236465112677,-2.28598221268727
1,0,-53.75,-24.0833333333333,15.7483455417497,-8.81476844102708,7.78709175936824,18.0820108809658,-4.61211521218191
4,0,-53.25,-33.4166666666667,12.1080980529194,-6.24760960339288,5.83742480884274,15.1346093063863,-5.75508115977305
5,0,-44.4166666666667,-12.5833333333333,17.8844714484586,-12.5527993623794,7.84712368795523,16.347827653701,-3.01687542967443
4,0,-41.75,-13.75,17.7034286699657,-12.0275718661041,6.22637383430943,16.1958635429253,-2.29125686361028
4,0,-47.75,-16.9166666666667,17.1553896735253,-10.8495044310048,8.53738943521656,15.1837674122122,-2.69359185553286
2,0,-41.0833333333333,-11.4166666666667,16.4829761586342,-10.0832524664229,4.8402638941449,14.7873541203837,-2.05596929803483
4,0,-51.0833333333333,-29.75,14.34081563725,-6.39246276028749,6.24386993452428,16.5606282879436,-5.73110724029762
3,0,-44.5833333333333,-13.4166666666667,18.8446041698336,-12.8052718946919,7.50352319932297,16.2215099828068,-2.94903384867411
4,0,-42.0833333333333,-20.25,15.1931486402896,-9.91473056118409,8.88246715680034,14.7327761811651,-2.63466477191871
2,0,-44.75,-16.75,17.1210328095451,-11.6934534221666,9.82501898459563,16.4635763330566,-2.64534145871806
5,0,-46.9166666666667,-21.75,15.5613717020772,-9.51032720732034,9.11620227787386,14.9952386685049,-2.1403070801814
5,0,-46.25,-20.4166666666667,15.8674589682145,-10.1201554510613,9.76826535207165,15.0263728088109,-2.43544120354013
4,0,-54.25,-27.75,14.7357333416651,-6.60886055684687,8.00592544789784,17.7637249645489,-6.04229610572738
1,0,-46.25,-16.9166666666667,18.4397729602249,-11.9615313915608,8.64461490651993,16.4552924318775,-2.36573390667526
3,0,-49.4166666666667,-16.4166666666667,18.9214380349218,-11.1606853174915,7.45529791103859,14.9268209872127,-3.40525966375223
5,0,-47.4166666666667,-17.4166666666667,17.7983405904381,-10.6991912435187,8.83901536700593,15.964674370823,-2.34075551571907
2,0,-51.75,-30.4166666666667,14.3993410028242,-6.5461213420961,6.24231069850875,16.8575616290845,-4.8354022112021
2,0,-41.0833333333333,-15.9166666666667,17.618872568433,-10.737509735554,6.13428474521673,15.6504828985836,-2.76396210511634
1,0,-44.5833333333333,-20.9166666666667,15.7482822924834,-9.22539041597132,10.2975320088822,13.9081409035007,-1.78727034425422
2,0,-49.75,-24.5833333333333,12.9633456350707,-7.061381849326,8.33269101772175,15.286994432443,-3.59435447601949
4,0,-45.0833333333333,-20.25,16.3729408213944,-10.524275087526,9.6821850593958,14.9802434394141,-2.32130986223918
2,0,-50.0833333333333,-18.75,19.90417061566,-11.8457966593979,8.45760899629734,16.5797067703593,-3.13873757109963
3,0,-50.0833333333333,-22.4166666666667,15.8511266698739,-9.70299450255992,8.46732738453699,16.6442921470307,-2.96993345747225
4,0,-37.75,-12.0833333333333,21.0102806202783,-8.77174338158464,6.16480999826778,15.9555898795708,-3.85174689471524
3,0,-54.75,-19.75,19.4296499975666,-10.6449952536814,8.07234621207777,17.3935480410767,-3.055446545929
1,0,-44.5833333333333,-16.5833333333333,17.1048652303722,-12.0697267705799,9.22350474024663,15.9870953164431,-3.29251247236371
4,0,-53.4166666666667,-27.25,15.1222549597738,-6.62868400900517,8.15287953611296,18.131682610464,-5.17269270659001
4,0,-45.0833333333333,-17.0833333333333,17.1444194468482,-11.9114919109855,9.12430062114993,16.1877443442821,-2.78230731993801
1,0,-43.25,-12.0833333333333,19.6748948454748,-13.7355339864619,7.51078328076973,17.6477299420814,-3.37744617362907
2,0,-42.75,-7.91666666666666,21.4521000223547,-14.1149625324943,6.42585086551188,17.9781202292103,-3.1481580640054
3,0,-50.75,-23.4166666666667,15.3312067103992,-8.63618925599265,7.96285848380478,16.6258089463815,-3.2691378541645
2,0,-47.4166666666667,-17.5833333333333,17.6445844362469,-10.460641255853,8.94976784228557,15.5430751307508,-2.15273642501965
1,0,-48.5833333333333,-20.25,18.1563452504682,-11.1682597015158,9.02364245825599,16.8017572454676,-2.44783283100653
3,0,-49.25,-24.0833333333333,14.5367792687648,-8.49033776163894,7.94939932322674,16.0112066442398,-3.25076702817076
2,0,-43.4166666666667,-16.25,17.1209364396455,-11.930318674796,8.05672798576196,15.4705785064203,-2.51644095024079
5,0,-46.5833333333333,-19.0833333333333,17.1665334324024,-9.9458018069658,9.24904318831904,14.5356054188825,-1.9015534888168
2,0,-55.9166666666667,-22.0833333333333,16.649096273097,-9.47549316454988,7.47006758327005,17.2527615331286,-3.71098936993879
5,0,-43.5833333333333,-10.0833333333333,19.5267416626053,-13.791693637521,6.98333598641265,17.2134582449375,-3.02157630693499
1,0,-45.4166666666667,-18.5833333333333,18.1609065277315,-11.7008821497779,9.09082081978688,16.0999496774892,-2.43877339412408
2,0,-53.0833333333333,-24.75,15.2544810178059,-7.55657977238539,8.74427326389582,17.2027697401434,-3.94873825854568
4,0,-50.9166666666667,-21.5833333333333,16.6436111820251,-10.6470584842143,8.3098763018647,17.110300935618,-3.02025752146764
5,0,-49.75,-22.9166666666667,16.3527068849455,-9.66407553632313,8.56525059006231,17.1036748659981,-3.10196184849706
3,0,-46.9166666666667,-20.75,16.371031239137,-9.58947721185093,8.8598061673658,14.4859783118301,-1.76709639848797
4,0,-41.9166666666667,-13.9166666666667,17.8472391887275,-12.3179614915484,6.26390935459859,16.2525575726869,-2.32146149261084
4,0,-41.9166666666667,-15.75,16.4296634766399,-11.1484604126555,6.96004116156585,14.6947692124589,-2.50015976253305
4,0,-43.5833333333333,-12.75,19.8253726448435,-13.6976693120731,7.23665458603854,17.5775270752857,-3.24966545727888
1,0,-52.75,-28.0833333333333,14.9498606423552,-6.24064644600191,7.44279495711521,16.6732130416304,-4.84435909660153
2,0,-53.5833333333333,-31.25,13.3148700849659,-6.95270048370506,6.6190702536628,16.0667735155333,-5.91698913821133
5,0,-43.25,-19.4166666666667,16.8119859938598,-10.2812914966474,9.7380575402319,14.7606003443434,-2.61163023813391
1,0,-49.9166666666667,-21.4166666666667,16.7716711263188,-10.6187422522218,8.58446866192088,16.9120804328198,-2.80086940138647
5,0,-44.0833333333333,-9.58333333333333,19.3851418200741,-13.202878041023,6.92371161816148,16.9203911036597,-3.04545835930671
5,0,-39.25,-14.9166666666667,19.8297651451648,-7.71343965187154,4.51446289040103,16.8340984114394,-2.71255003518608
5,0,-48.9166666666667,-21.9166666666667,16.5959714070765,-10.4390863078465,8.574242125137,16.5633360309523,-2.69783051498694
5,0,-49.5833333333333,-21.9166666666667,16.0773492764628,-10.2151861376583,8.55552188721111,16.6512808610134,-2.82786805661044
3,0,-45.75,-15.9166666666667,18.2859442603132,-12.5270298958146,8.87382536418409,16.295130952602,-3.25925727049068
5,0,-47.25,-18.9166666666667,17.0372549930966,-9.88475840139112,9.03143300650283,14.4502510248611,-1.70277468282726
4,0,-55.25,-20.9166666666667,18.3906629870171,-10.1937132970781,7.90745441019275,17.3797519675025,-2.95753990591981
3,0,-54.75,-21.4166666666667,18.4015643343912,-10.1804602320446,7.49486520183512,17.6347358864623,-3.1681730651782
1,0,-57.25,-20.5833333333333,19.0914309858082,-11.184788100946,7.49430844733327,19.04636202512,-3.79292952443437
3,0,-40.25,-7.91666666666666,19.3405786440643,-12.9772835263802,6.06636290461883,16.574543056496,-2.70187651592273
5,0,-40.4166666666667,-19.0833333333333,19.0963858475053,-10.556915546735,6.52233771712744,16.8499024433725,-2.98735552624202
4,0,-52.4166666666667,-25.75,13.9852444890972,-6.68079357014692,8.86404686463018,17.2450377190917,-4.20879676140318
1,0,-55.75,-19.9166666666667,19.4119898654152,-10.8666878919078,8.23499990806304,18.2599365020568,-3.14588486452069
4,0,-53.25,-26.5833333333333,14.8462897857033,-6.28702487778453,8.81181754664091,17.8953721337403,-4.57931902532638
3,0,-37.25,-11.0833333333333,21.7257799048115,-9.542763299124,5.21908160908415,15.493902190015,-3.37915584675592
2,0,-52.25,-18.25,19.1881594960416,-10.9156778583987,8.51964409263527,16.024859625635,-2.92604286923018
1,0,-44.75,-23.0833333333333,14.7102150585349,-7.67983332471876,9.34264810892011,14.3802158358218,-2.08633590180279
3,0,-51.75,-24.0833333333333,15.6620437127725,-8.14557240100858,8.38229639328583,17.3272233239742,-3.75567293589358
4,0,-52.5833333333333,-29.0833333333333,13.9258593600029,-6.86544018746604,7.31900116599219,16.3478814621819,-4.13142274569001
4,0,-48.25,-19.4166666666667,17.4524054410767,-10.5326684381223,9.36664172530545,15.7078236623023,-2.06365001619676
5,0,-39.4166666666667,-17.4166666666667,19.8491819252818,-9.25289991126774,4.38595975517994,17.4139621381631,-3.26594565386337
4,0,-53.5833333333333,-25.5833333333333,14.968002862381,-7.42728171522797,9.17432136814468,18.2572125177368,-4.70176420562666
2,0,-39.4166666666667,-13.25,18.9890051378675,-7.58123453127751,4.35370232420419,16.1108458782129,-2.63659857936806
1,0,-50.9166666666667,-24.5833333333333,13.8514627772945,-6.99801570250041,8.24102204773454,16.3745950781204,-3.67176381185419
1,0,-55.9166666666667,-19.9166666666667,19.3662680464006,-10.8646196078228,8.26109506201418,18.3962227101388,-3.10519759933553
3,0,-38.0833333333333,-11.0833333333333,18.7130953161547,-10.4760362628501,4.65789055615441,16.6150251439445,-3.678458546748
1,0,-50.75,-17.9166666666667,19.4723843802192,-10.953716035915,8.77616181642347,15.6870685044434,-2.75690249706606
2,0,-40.4166666666667,-15.25,18.3412494268461,-10.454486004232,5.16950925917341,16.514910470446,-2.8325390042478
5,0,-43.0833333333333,-21.25,17.2964514774111,-10.8439031160387,9.09958726504455,16.3408017823312,-3.03990424558095
2,0,-39.4166666666667,-14.75,19.6545648429363,-7.95709023943868,4.4192212050787,16.6051467923657,-2.66248494485906
2,0,-37.9166666666667,-9.75,18.8870520497223,-11.3470117051957,3.86477915615692,17.1831443552453,-3.64555651392188
1,0,-46.25,-13.5833333333333,19.7293045693214,-11.9248285394482,7.39462739919539,15.143786727322,-3.1757832633282
4,0,-44.9166666666667,-23.25,14.652112685009,-7.04540690275586,9.64503103989928,14.3279637211708,-2.09162559986787
2,0,-52.9166666666667,-19.0833333333333,18.9176518174744,-10.7358137986712,8.32931695765818,16.2677371129526,-3.08669368414208
5,0,-51.9166666666667,-30.9166666666667,14.0107878886244,-6.71499721789763,6.07385861068349,16.1003174814554,-6.12249030326954
5,0,-46.0833333333333,-22.9166666666667,12.596539373841,-6.67727089783728,9.74592423443509,12.2997065991209,-1.49316572825323
4,0,-49.4166666666667,-19.75,18.2949476616741,-11.4092838402553,9.13491713774689,16.9412105098962,-2.50635331164404
2,0,-45.75,-20.9166666666667,15.3633912454831,-9.48274220742891,9.80199035106084,14.5497471743365,-2.17117868961704
2,0,-40.9166666666667,-12.0833333333333,16.6841105797203,-9.99633913644649,5.11729341343121,15.6875234801129,-2.47905496282026
1,0,-52.0833333333333,-27.25,14.452288901021,-5.84174224825525,8.05981996127012,16.5539715784567,-4.91559697158594
2,0,-52.75,-26.25,13.4769882264158,-6.17594804119318,9.3780074315015,17.1195889079963,-4.27912689280765
1,0,-37.75,-9.75,19.0554300028339,-11.3965572547458,3.72215467446161,17.2594788844653,-3.75983642407385
3,0,-39.9166666666667,-9.58333333333333,18.034752830152,-12.6699218525011,5.6616878809182,17.1462323143438,-2.74078994082373
1,0,-49.25,-16.5833333333333,18.5989233066873,-11.3259160075045,7.45286476524478,15.2167908480478,-3.54575012992398
5,0,-39.9166666666667,-14.4166666666667,18.7253785133641,-8.59618986777481,4.78456713783843,15.9573639527704,-2.50262370788642
4,0,-51.75,-21.4166666666667,17.0725283691338,-10.6705192400358,7.7772909652545,17.4706583511888,-3.18458481148399
4,0,-53.25,-25.25,14.1508898331982,-6.66291242594104,8.94061467260974,16.9907949094118,-4.09281018855959
5,0,-46.5833333333333,-20.75,16.0648151479286,-9.78840410791952,9.23217267121334,14.7738687510997,-2.0954377866216
3,0,-43.75,-11.25,19.1131491169062,-13.8148670099527,7.64658876439279,17.677382428917,-3.33140769686689
2,0,-51.75,-25.9166666666667,12.6853534688325,-5.72789189688133,8.25771285813477,15.4076444771305,-4.19912150943637
3,0,-54.25,-22.5833333333333,18.0758731350405,-9.73669804262004,8.36311331814149,17.3040176851887,-3.47522090141901
4,0,-45.0833333333333,-14.25,18.430947849291,-12.3845924163227,7.9716590264642,15.5781355522127,-2.98496649314427
1,0,-55.9166666666667,-21.0833333333333,18.334182690992,-10.3938241242965,7.92392735101078,18.3195807529548,-3.48609540608025
2,0,-39.9166666666667,-8.75,18.9345654340476,-13.2944463992489,5.55548195828896,17.198735266436,-2.86908054208804
3,0,-46.25,-12.5833333333333,20.9636517356051,-11.8984456435753,8.28858240563698,15.0169398863061,-3.37143962123539
1,0,-53.25,-17.0833333333333,18.0013986416138,-10.8137502648429,9.59581970132166,15.5599173797142,-3.04837007685172
5,0,-46.5833333333333,-21.25,15.1011700255326,-9.06126210395117,9.26201967842961,14.1049899336414,-1.7876761125386
3,0,-49.9166666666667,-23.75,15.2707834990371,-9.01643163120375,7.63898408571111,16.6985694401132,-3.41183765693586
4,0,-41.0833333333333,-7.91666666666666,20.2378839019016,-13.6909591826663,5.33585983607133,17.253229435321,-3.22786637207816
3,0,-43.5833333333333,-13.4166666666667,20.0238818456763,-13.2447258086869,7.50751532810645,16.7151655788164,-2.86175345716042
2,0,-52.9166666666667,-26.5833333333333,14.7300613858025,-6.11299706918254,8.93577593918556,17.8185372914921,-4.54037901710057
5,0,-47.75,-23.25,15.324371687636,-9.42671195466391,7.81877187784247,15.4547336835491,-2.68166151330275
5,0,-51.5833333333333,-17.0833333333333,19.2176919988642,-11.1453023773694,8.63507801572619,15.493551879475,-2.74902301532182
5,0,-43.75,-15.75,18.5000542764034,-12.7358905578292,7.43607719536565,16.299229172336,-2.9371953799263
2,0,-43.0833333333333,-22.25,15.7977013197712,-8.55987777146157,9.13975506663516,14.7823930762018,-2.43299436282864
5,0,-40.75,-10.9166666666667,17.296775873549,-11.4513244784402,4.97806628134125,15.9235796900869,-2.34746427828814
5,0,-40.25,-18.5833333333333,19.2786753797364,-10.3838482826785,6.08739302431531,17.1314318095288,-3.04514616190318
4,0,-53.4166666666667,-17.75,18.0272652921673,-10.6002449652087,8.98875327814525,15.6982110310627,-2.85622220072309
5,0,-48.25,-16.5833333333333,17.3969897148784,-10.7053167741491,8.56018352529891,15.0126189713941,-2.42870623448582
3,0,-53.25,-24.75,14.9468428586117,-7.34740019986774,8.83819576119967,16.9911913029848,-3.91661299179067
1,0,-53.4166666666667,-18.5833333333333,19.2008422974478,-11.0275990512882,8.41628437546239,16.591927125675,-3.17694656657314
3,0,-49.5833333333333,-28.0833333333333,11.3269999059725,-4.31087899008238,7.34753182725147,13.2217007557078,-2.97919444105552
3,0,-44.75,-21.5833333333333,14.9781619179313,-9.24696208057653,10.1009478907943,13.9829259468334,-1.90923283126658
2,0,-53.5833333333333,-30.75,13.7731622633389,-6.64608887033913,6.64506947392141,16.4176878607785,-5.91111720678451
1,0,-42.75,-18.9166666666667,16.0714781790688,-9.99651388528681,9.4757421987675,14.4712233132593,-2.6208161897148
5,0,-41.25,-19.4166666666667,18.9083666227181,-11.6278274260829,7.81120219413495,17.3076716370975,-3.21767941142834
4,0,-46.0833333333333,-23.75,16.8828410365837,-4.49760392841869,10.162389979633,15.2794199716991,-2.23352019694256
4,0,-44.75,-17.25,17.4082457187117,-12.3162214764557,8.70217672032287,16.7631227742245,-2.98142886752183
1,0,-44.75,-13.9166666666667,18.3111825227704,-12.5580179230639,7.64159231835228,15.7743414451532,-2.99217809850103
4,0,-53.9166666666667,-19.0833333333333,19.4711326106395,-11.0652390184339,8.12894244975199,16.9740418065,-3.39198361714742
1,0,-43.4166666666667,-18.4166666666667,15.6902201460375,-9.59334370809566,9.4028925481015,13.5067595335896,-2.4267380975596
4,0,-51.25,-29.75,14.3863924546456,-6.56718577048436,6.21386738767236,16.7298829022312,-5.65540681761429
4,0,-47.25,-23.75,13.6484329649971,-6.91561501486216,8.79677387002924,13.43320330544,-2.03350228772936
3,0,-43.75,-12.4166666666667,19.2772255051925,-13.6361559793085,7.39727251183058,17.4873528674762,-3.36874196765375
3,0,-40.75,-17.4166666666667,18.7464840108432,-10.7497095574684,6.30947702425271,16.9476756128012,-3.26496822924254
1,0,-40.0833333333333,-10.25,18.1547695820961,-11.2141737318105,5.14791345290203,17.0883541195063,-2.88749314878886
3,0,-48.25,-17.75,18.5376300949252,-12.2040356667015,9.66788744679349,16.4398665800456,-3.63582721918742
1,0,-55.75,-19.5833333333333,19.7614855829299,-11.0337469370611,8.15697358761817,18.4057295040068,-3.12332466352475
2,0,-53.9166666666667,-21.75,18.5093478668735,-10.2529923322427,7.76001582597921,17.6789516189104,-3.14441631403169
1,0,-46.0833333333333,-16.5833333333333,17.5788844388546,-11.5024536153311,8.93664809142098,15.7618674353202,-2.30748904399155
1,0,-49.5833333333333,-26.75,13.0757079977448,-6.36690371100512,7.57133424582431,15.4801606688118,-3.7282690371455
4,0,-42.4166666666667,-21.5833333333333,17.4171929447844,-11.0950705413788,8.73160687111446,16.7984560621765,-3.40121979269196
4,0,-46.25,-22.4166666666667,13.581984156496,-7.68301621257973,9.80364299975433,12.9676277333361,-1.56721441350237
4,0,-47.75,-20.9166666666667,16.9499247520717,-9.51880808141935,9.13668270073607,14.9169030588078,-1.73765490491549
2,0,-49.5833333333333,-18.5833333333333,19.5204830020243,-12.2135060910803,8.33613567561621,16.6252981951295,-3.34137114152238
1,0,-47.25,-19.75,16.0970796040209,-8.83169282831429,9.42477790130486,13.829719634769,-1.1171149088155
3,0,-44.25,-10.25,19.1699499597271,-13.762176073886,7.8921263183284,17.6648508263891,-3.6713005992629
5,0,-42.75,-15.9166666666667,16.0845081929586,-11.1648221634709,7.93702292581118,14.3731005934501,-2.19846684565117
3,0,-54.0833333333333,-17.5833333333333,18.6658589913484,-11.1900979092927,8.76597323103499,16.4522807019705,-3.33817263472175
2,0,-39.5833333333333,-14.25,19.55427192535,-8.05467446366545,4.24005102999655,16.4896517696471,-2.61840142802376
3,0,-52.25,-26.5833333333333,13.22845906033,-4.85009184931128,9.5210677751308,15.9474632198017,-4.88843685408263
4,0,-48.25,-24.25,13.9745840706282,-7.77915491352229,7.90163780672808,15.2255783204008,-3.11092488561632
1,0,-39.0833333333333,-15.75,19.7801266747361,-7.28189715086503,4.74570497447215,17.0038600129503,-3.15046799142165
4,0,-41.75,-14.5833333333333,16.9367698090825,-11.9584841075984,6.06631396306071,15.3553270526067,-2.48644342213849
4,0,-38.0833333333333,-10.75,18.1723451552718,-10.3484295170288,4.62406987820788,16.0461454386464,-3.40638123027058
1,0,-42.0833333333333,-15.5833333333333,16.4491406315919,-11.3164767235722,6.81466337623905,14.7568406216208,-2.40060069423456
3,0,-51.0833333333333,-21.25,16.8777203359202,-10.7759665156806,8.09527777465236,17.1200432074687,-2.98538173747816
3,0,-51.0833333333333,-27.75,12.6525263238368,-5.25398663381307,7.45260363361348,15.0782044949875,-4.72378794196016
5,0,-55.4166666666667,-21.5833333333333,17.3784477557776,-9.79887821821325,7.57097573491898,17.4619648219028,-3.47847648683671
2,0,-41.9166666666667,-9.41666666666666,20.6450008881283,-13.7998283202219,5.55639636565338,17.6011801265406,-2.45060107968012
5,0,-42.5833333333333,-13.0833333333333,18.6211053991738,-13.0889767775856,6.79061935599419,16.6186773329955,-2.96823563389057
4,0,-53.75,-29.0833333333333,14.0815974970234,-6.08046504938469,7.54260439984504,17.3195655117903,-5.38627024610826
2,0,-46.0833333333333,-19.4166666666667,16.2889850480926,-9.91729563097223,9.80601812619875,14.4547927405406,-1.90705544531149
5,0,-52.5833333333333,-23.0833333333333,16.167127467373,-9.41988807039571,7.48848556654005,17.5573813450908,-3.71806189828315
2,0,-54.9166666666667,-20.25,19.3826040755858,-10.4905561584713,8.04580161082724,17.614158399509,-2.7315736003236
1,0,-47.75,-21.9166666666667,15.9938598259185,-9.30418829119336,8.62283676361332,14.8224052455969,-2.08477672284334
2,0,-40.4166666666667,-12.5833333333333,18.0445056717243,-10.7530271120809,4.92661690469432,16.4270919910093,-2.49475042725035
2,0,-51.4166666666667,-25.4166666666667,13.365270466425,-5.79577830392429,7.6645107846917,15.1836060972922,-3.32482922560151
1,0,-39.4166666666667,-12.75,18.2906752079159,-9.27075031982967,3.41469564357044,16.0712966166458,-2.71973475920929
3,0,-43.25,-18.9166666666667,16.8194418163102,-10.2404377029057,10.3551304387915,14.598193444978,-2.6751659063233
2,0,-53.0833333333333,-22.9166666666667,16.3657450789994,-9.89747313447208,7.75425402818028,17.4819368902252,-3.7788764895909
3,0,-51.5833333333333,-18.25,19.2138856617431,-10.6201859251363,8.9201045604441,16.3417599143005,-1.93198361372977
3,0,-50.75,-27.5833333333333,12.2388266868993,-5.26860541264277,7.41580831399891,14.9403508629367,-4.73644008553183
3,0,-50.0833333333333,-21.75,16.2925676274232,-10.3799253835084,8.45679579331371,16.9079934318241,-2.95165493771386
5,0,-48.75,-17.25,18.0744024842306,-11.5684929900053,8.69708024902558,15.9278701874318,-3.04805850560226
1,0,-42.5833333333333,-15.75,16.1443100055818,-11.1342826074237,7.72426498685051,14.3829831051016,-2.19565160898925
4,0,-39.5833333333333,-14.75,18.4086015636677,-7.88172439431712,4.49746966257656,15.7273951821955,-2.56726558969877
3,0,-45.9166666666667,-22.0833333333333,15.1511575373807,-9.38053238223453,9.46805310970575,14.7477297481059,-2.26928020887025
3,0,-46.25,-18.9166666666667,17.3868189178289,-10.2203672236708,9.32230202029652,14.7810971757044,-1.94034307190094
2,0,-53.4166666666667,-24.5833333333333,15.2632721684247,-7.84649917488469,8.49485371206734,17.4788022617729,-4.10346798312011
5,0,-57.25,-22.0833333333333,18.3028415349693,-10.4868595924646,7.37135325663288,19.1724044863536,-4.35388631384015
5,0,-52.75,-20.4166666666667,18.8574195798884,-10.621908123015,8.12136026644367,17.3050800031594,-2.66822081894178
5,0,-42.5833333333333,-22.9166666666667,17.9965204848638,-9.33515485220864,5.38225793506855,16.7569318040145,-3.27647851420114
5,0,-46.4166666666667,-16.5833333333333,18.1260201326773,-11.522637313054,8.87950094191113,16.0321094436025,-2.29719417917543
5,0,-46.4166666666667,-19.0833333333333,17.558067341351,-10.412257373318,9.31508512901128,15.1088760525189,-2.10300408936118
1,0,-37.4166666666667,-9.25,18.3491966563747,-10.9875790894653,4.28542445440826,16.201325954577,-3.85942385662937
2,0,-42.25,-19.4166666666667,17.6348094335873,-11.1887959999587,8.3687551113628,16.3974051499208,-2.96034150147435
1,0,-42.25,-9.58333333333333,20.8988530006033,-13.879283013415,5.41245489276995,17.5824583106762,-2.79270683010187
4,0,-39.4166666666667,-9.25,18.2141291877788,-12.6081671399079,5.47567461925791,17.0591776596663,-2.66633986248602
1,0,-55.5833333333333,-20.25,18.6809329330857,-10.3602847943501,8.41932491763989,17.7340796119302,-2.8558030213437
1,0,-42.25,-18.25,17.0009936681055,-10.8546459544094,8.41070399193107,15.4914601689676,-2.80379503880081
3,0,-45.0833333333333,-19.75,16.8832858694764,-11.028561522517,9.70108614344502,15.5669246502025,-2.24531641426128
1,0,-46.0833333333333,-11.5833333333333,19.4449475197039,-12.3246755489115,8.12313036484655,15.5141625137024,-3.4588327473612
5,0,-40.25,-18.0833333333333,19.1981748055949,-10.3842443241112,5.6092386358419,17.0859380361592,-3.06403294329487
1,0,-39.9166666666667,-7.91666666666666,19.3327642570567,-12.8044709247669,5.7684618659142,16.6922238860355,-2.83121235700608
1,0,-47.0833333333333,-23.9166666666667,14.7539950658294,-6.22288867237118,9.03723236798069,14.2453945271552,-2.22588794129622
2,0,-49.5833333333333,-24.5833333333333,12.971678469876,-7.14763854651726,8.30345818759945,15.2747019875659,-3.60165793347455
5,0,-51.75,-25.25,13.5377294928688,-5.90466662753917,8.01300541491832,15.4076415310429,-3.36774619848747
2,0,-43.5833333333333,-18.4166666666667,15.8922377208787,-9.79337982224277,9.31211260775498,13.6764055355002,-2.47350914726768
3,0,-56.5833333333333,-20.9166666666667,17.5895136600884,-10.0367625179677,7.83925579062919,17.713410812005,-3.34618218358525
4,0,-56.25,-19.75,19.5756184665247,-11.0899294077014,7.9217622869835,18.4617470549212,-3.16528487290015
1,0,-54.9166666666667,-30.25,14.7985101416715,-7.40771379114686,7.26607714503289,18.3586426209684,-6.08548558996202
4,0,-49.4166666666667,-20.0833333333333,18.1883661292969,-11.4460910159521,8.97734179608467,16.9995290866127,-2.56037927632282
2,0,-43.25,-21.25,16.9043660112843,-10.3793486105581,9.17807402619744,15.8097409311349,-2.78127178502373
1,0,-50.5833333333333,-26.0833333333333,12.7767417954847,-7.15952264206414,8.1284103057497,16.3234803456741,-4.09286076219396
4,0,-44.9166666666667,-17.4166666666667,17.6403338448774,-12.1999732713613,9.01478530007193,16.7721527261161,-2.99900924895215
4,0,-43.75,-18.0833333333333,15.9892138268818,-9.80924961425355,9.10419690417628,13.5792654051246,-2.34369676765439
1,0,-54.75,-27.5833333333333,14.9582363930317,-7.19130124771323,8.02949499966869,18.0215806147278,-6.20591144095617
1,0,-40.0833333333333,-11.5833333333333,18.1215029713234,-10.7732800978048,4.91090712909876,16.9794475215319,-2.82112145070794
1,0,-46.5833333333333,-12.9166666666667,21.330998767866,-12.3760269200438,7.78504789765845,15.861398715534,-3.50079682331039
1,0,-53.25,-27.9166666666667,15.1946080242499,-6.32070325710893,7.56570985585683,17.2526508472147,-5.1716111023937
5,0,-50.75,-25.9166666666667,12.805436187157,-6.94484942170077,8.00982474036349,15.9159017452061,-3.89300967821386
5,0,-50.75,-28.4166666666667,12.5448535474173,-4.89537673721761,7.15972100805193,14.6324668854216,-4.33632352154856
2,0,-47.25,-23.0833333333333,15.217696232952,-9.17391932293567,8.06905233795444,15.1889007673735,-2.53723115110131
4,0,-52.5833333333333,-19.9166666666667,18.9543628422345,-10.6171023402597,8.52459403929291,17.1620066911825,-2.573637367752
2,0,-45.4166666666667,-13.9166666666667,18.8703009893777,-12.3251338627704,7.88467786864038,15.4636257860438,-2.84794092157606
5,0,-45.0833333333333,-9.41666666666666,19.4016753780694,-13.097424468082,7.08821171384582,16.9646418602447,-3.18574287923592
4,0,-46.25,-19.4166666666667,16.1322167173055,-9.63795866953497,9.65638201020622,14.1198995637267,-1.85893420297952
5,0,-45.75,-23.4166666666667,14.2954888416923,-7.8362161259242,7.99340951695071,13.9103632498518,-2.11418302489377
1,0,-41.0833333333333,-12.5833333333333,17.8673515916386,-10.9751146315092,5.82009723726893,16.182111295813,-2.33182288026181
1,0,-49.75,-20.25,17.7201657330414,-11.2865351347242,8.67606144811653,16.7847469314521,-2.67232613487102
3,0,-50.9166666666667,-20.75,17.1160946766471,-10.8620065188825,8.286782757013,17.2088488810674,-2.87907939386137
4,0,-45.4166666666667,-21.75,15.4505049372787,-9.98665146441706,9.88691117099913,15.2190293923842,-2.45047656848047
3,0,-44.5833333333333,-10.4166666666667,18.9926707584868,-13.8081250336159,8.27528565872113,17.8121436643902,-3.88599861408406
4,0,-42.0833333333333,-16.4166666666667,16.4091160739258,-11.5693827775077,7.59020104821197,15.3372459971147,-2.67600637702626
2,0,-44.75,-10.0833333333333,19.473914633248,-13.7385612358274,7.72534931936586,17.8358269518253,-3.70052253276674
4,0,-53.4166666666667,-19.5833333333333,19.1022911759707,-10.7559787269484,8.02929771107409,16.6324075085177,-3.23630048587854
2,0,-52.9166666666667,-17.9166666666667,18.2158870089336,-10.5352350792856,8.93536488638149,15.563399975243,-2.7382595892267
2,0,-51.25,-26.0833333333333,12.9817190767244,-6.20543967722898,8.05392748724026,15.9442136489002,-3.78292124875162
1,0,-48.9166666666667,-27.75,13.8311641190527,-5.82038386355838,7.34935295371577,14.8147296349325,-3.35232407433816
1,0,-40.0833333333333,-15.75,18.6112324780563,-10.807786510187,5.078920551264,16.9826007060905,-3.22362015493579
4,0,-40.0833333333333,-7.91666666666666,19.3757320501814,-12.9716736993648,5.93084107367322,16.7738641258346,-2.81474350061311
1,0,-54.25,-19.0833333333333,19.8643290405384,-11.2933881755528,8.0388384642166,17.3554655791147,-3.5400145039123
4,0,-40.25,-15.0833333333333,18.1202046807019,-9.61366863173239,5.00344005682243,16.3481089920568,-2.75771878321027
5,0,-45.4166666666667,-23.4166666666667,14.1702781038998,-7.5165933787689,8.6463533470961,13.7451986827002,-2.00541712721693
1,0,-38.5833333333333,-10.25,17.0026306035081,-10.0776688175257,4.84840216501001,16.0291171413312,-3.56488699537198
5,0,-53.0833333333333,-17.0833333333333,18.8838818763747,-11.2525313658045,9.56617278292562,16.1069895240572,-3.21303957087697
3,0,-46.9166666666667,-20.4166666666667,16.6880710827416,-10.0750870719371,8.97280521512688,14.9016306679788,-2.03748566643093
1,0,-53.5833333333333,-22.25,18.2027420335874,-10.3082583604964,7.96601966131455,17.7163240378667,-3.4735882058132
3,0,-48.4166666666667,-24.5833333333333,16.330063594275,-8.64192276032626,7.73130155892417,17.3720597648792,-3.77568680406178
3,0,-42.5833333333333,-14.0833333333333,17.0558673097135,-10.7828139459003,6.48115296346863,14.1098851307007,-1.57024361020968
1,0,-49.4166666666667,-18.0833333333333,18.7734069815241,-11.9240679502503,8.36673429983299,16.1997868740498,-3.18492977749987
2,0,-50.4166666666667,-20.5833333333333,17.1087784992499,-10.8346850385712,8.51379367925698,16.938910901347,-2.69485276997314
4,0,-45.25,-21.0833333333333,16.1159848201885,-10.1957031847748,9.29280607969593,15.2087929733843,-2.43998404623737
