"iso_a3","name","sovereignt","continent","area","pop_est","pop_est_dens","economy","income_grp","gdp_cap_est","life_exp","well_being","footprint","inequality","HPI","geometry"
"ARG","Argentina","Argentina","South America",2736690,40913584,14.9500250302373,"5. Emerging region: G20","3. Upper middle income",14027.1260518267,75.927,6.5,3.14,0.164238301077711,35.1902436422946,list(list(c(-5017766.46497508, -5088440.70159641, -5142411.80703194, -5189822.91680911, -5272107.09629579, -5366505.72986185, -5317328.80195101, -5247260.63480708, -5121847.29154184, -5003770.62253033, -5017766.46497508, -6571677.25901541, -6576291.26717895, -6543615.70062152, -6541128.39980297, -6541081.05609152, -6330001.68711939, -6374436.54219428, -6445644.67200264, -6502003.08136375, -6525324.03408838, -6571677.25901541)), list(c(-5926534.92212242, -5861005.00227694, -5838632.61861092, -5733924.38282623, 
-5715808.67435757, -5522047.24202435, -5445352.26062785, -5322425.077865, -5222779.38575348, -5202437.82405561, -5264510.23184013, -5169068.37037812, -5065599.96913243, -4997481.63231015, -4929023.14209226, -4928711.15971401, -4887060.84273259, -4832642.0844282, -4821515.68982396, -4887866.40041405, -4941014.54744859, -5024422.22492144, -5117039.99896921, -5123045.55647901, -5125225.6126068, -5102864.3546503, -5116996.12736051, -5109319.99145578, -5103393.19284413, -4973130.52337876, -4968917.37013835, 
-4904577.90668029, -4897365.91792987, -4948503.43250513, -5061613.38828993, -5227349.63919314, -5323906.70480484, -5289408.29417007, -5285648.41950066, -5255536.85592357, -5295964.46921039, -5378322.19143805, -5470449.99349744, -5495104.26731914, -5452696.22365804, -5386711.96192302, -5350538.47617406, -5309616.61026945, -5376908.06584733, -5423986.05779539, -5403194.45186224, -5404797.90553329, -5482575.65282858, -5529350.32783695, -5526319.91073855, -5419894.36963151, -5334938.55169464, -5330636.56061418, 
-5405082.73863824, -5412579.74252774, -5469893.43019722, -5483805.4124146, -5416277.48253708, -5340387.51179363, -5375496.6569261, -5454660.44765661, -5650049.80199853, -5707581.72728402, -5737679.31501184, -5787779.43532804, -5831101.51864941, -5882430.05084591, -5838896.68686236, -5838886.30243643, -5868364.39550419, -5858623.51624276, -5878907.38343686, -5909478.21724678, -5880395.88105712, -5902920.23901368, -5948583.2676777, -5936343.46461003, -5987410.28871301, -6047559.75044938, -6020883.34758554, 
-6076539.21965973, -6090475.23246687, -6096392.7150877, -6056635.3640107, -6112791.85072441, -6140748.2104793, -6094428.76175474, -6120323.08229277, -6097664.49931975, -6122155.68018498, -6149768.54740752, -6234965.04973165, -6205821.75247984, -6237303.11941429, -6226341.01528582, -6188466.44757591, -6138358.48915006, -6173455.43100485, -6161279.53118026, -6197104.14575135, -6107641.26964518, -6095168.49188042, -6110601.17080849, -6049942.65509928, -5926534.92212242, -2866500.28797752, -2957270.50709681, 
-2856149.03133441, -2861354.39562222, -2888290.30148732, -3092782.73883257, -3111764.49209169, -3203760.82871661, -3252308.12555495, -3307005.04867464, -3494441.55774034, -3527841.69850481, -3546545.77364443, -3526853.16396982, -3432716.84980946, -3323786.49512442, -3300069.05852535, -3371444.36020807, -3469836.69153488, -3537509.25435833, -3587356.52618399, -3705746.1149006, -3870869.2115245, -3967128.71995147, -4090041.15595457, -4208327.33149716, -4234652.19508711, -4310835.17289271, -4372111.92746063, 
-4472134.66395733, -4552157.72998891, -4602514.56363077, -4658752.77903309, -4805311.60933888, -4866137.56353925, -4889672.34191598, -4878292.98005585, -4945526.83595976, -5029391.94918697, -5085570.1873129, -5124607.63858636, -5139885.03547322, -5099539.923299, -5128544.76008288, -5238032.44593359, -5270986.53134056, -5236462.87173032, -5293275.98447102, -5327083.76261345, -5394479.37181223, -5502571.96213549, -5559619.24108033, -5559921.16052276, -5614179.82319988, -5693031.63541956, -5769349.74010848, 
-5790309.31194302, -5882673.46825811, -5940210.8386499, -6058451.43522117, -6097828.86435972, -6144288.90904507, -6246238.42838203, -6302397.22820525, -6297513.44769899, -6282349.29595366, -6269377.80138449, -6212526.89385142, -6138798.43202228, -6145172.91597175, -6109223.13673414, -6003083.2955771, -5958614.3245555, -5894023.95300599, -5842159.49600117, -5753863.5504253, -5615113.01543342, -5552914.14811768, -5532753.9272293, -5492538.26603486, -5471082.66868425, -5426000.11288056, -5385096.25954803, 
-5259598.28298156, -5237307.18331068, -5102831.90470821, -4988631.62944052, -4888271.63583746, -4847203.62947945, -4736127.87844994, -4630750.8840675, -4555363.9945224, -4458354.37412656, -4344214.2687005, -4235916.06091657, -4214319.4583461, -4008887.39800407, -3885340.03303659, -3768293.14386202, -3657826.76174157, -3543202.63246513, -3466869.59131855, -3418566.44702017, -3378869.87113692, -3172300.12613787, -3110829.59249533, -2980882.99540401, -2949468.75221344, -2835826.2618463, -2866500.28797752
)))
"BHS","Bahamas","The Bahamas","North America",12621.5029822902,309156,24.4943886979064,"6. Developing region","2. High income: nonOECD",29412.3355199317,NA,NA,NA,NA,NA,list(list(c(-7039101.10583008, -7062422.36150851, -7073182.25067226, -7100795.54351048, -7066996.87795541, -7040705.83133311, -7027242.36900826, -7039101.10583008, 3077675.50694567, 3071459.64609155, 3143355.31788282, 3179404.79410491, 3258258.24925809, 3253258.57767794, 3150064.9545404, 3077675.50694567)), list(c(-7001990.89045924, -7103882.22205432, -7101315.09125203, -7057133.75281364, -6998522.91918581, -7001990.89045924, 3427570.75071512, 3407855.31927467, 3453421.57736506, 3463261.79866129, 
3459572.21605421, 3427570.75071512)), list(c(-6927976.43847779, -6959917.99941464, -6973565.45621358, -6959973.45522507, -6990919.61521687, -6988347.83978396, -6927976.43847779, 3428802.40488346, 3341090.95914031, 3356930.71075973, 3421411.48966563, 3470044.14142526, 3484158.05409516, 3428802.40488346)))
"BLZ","Belize","Belize","North America",22810,307899,13.4984217448488,"6. Developing region","4. Lower middle income",8236.46715318985,69.795,6.14285714285717,2.54818,0.180123167178678,33.8398431520102,list(list(c(-8218775.91520414, -8216821.59850842, -8204823.77106788, -8190247.48983749, -8146144.53889706, -8128400.24215598, -8130783.1586714, -8113415.70393309, -8119930.5255315, -8142626.78848836, -8137291.465199, -8153197.15185506, -8149013.42693174, -8168266.06282827, -8190817.49083303, -8208046.99725083, -8232022.89954824, -8259660.3486937, -8233526.65005355, -8218775.91520414, 2324686.49770506, 2343511.96837394, 2349400.62275437, 2334267.34980596, 2411412.17176669, 2413091.15076724, 2394357.37038602, 
2393769.9271651, 2359011.46422587, 2303671.5024762, 2283862.97957829, 2238002.26052989, 2225735.57357444, 2160856.01846438, 2126749.1496455, 2122654.97055588, 2078081.73763957, 2078038.48835041, 2223106.73876504, 2324686.49770506)))
"BOL","Bolivia","Bolivia","South America",1083300,9775246,9.02358164866611,"5. Emerging region: G20","4. Lower middle income",4426.48706743544,67.45,6,2.96,0.349805138544444,23.3214926401243,list(list(c(-5733924.38282623, -5838632.61861092, -5861005.00227694, -5926534.92212242, -6049942.65509928, -6110601.17080849, -6173882.87349229, -6233338.63639688, -6300845.56868508, -6287009.94238326, -6341591.75820098, -6364452.22576579, -6419275.46500555, -6375558.22712085, -6426025.25823563, -6408888.40253165, -6429933.51248123, -6399486.07578523, -6407048.52158625, -6409800.62409246, -6393168.46610691, -6488679.21687368, -6418561.73446878, -6370702.83191893, -6352438.93459101, -6274076.78475708, 
-6227753.79445825, -6106727.88505075, -6110999.88565253, -6096453.76843099, -6098337.57698869, -5989185.38983561, -5883410.89725686, -5843352.58250479, -5778618.1510545, -5737393.74245645, -5679001.00238114, -5622212.55152765, -5612506.09264413, -5591505.15229872, -5585877.15022356, -5612757.53356017, -5564577.49447289, -5386795.03327027, -5393994.75390697, -5379606.72144432, -5325965.70264396, -5296892.72818488, -5303634.33168624, -5323273.09114184, -5307031.38158178, -5332952.64417389, -5338615.79570003, 
-5430857.08616876, -5516347.42491529, -5672462.06436894, -5703948.66851633, -5698315.05229894, -5715808.67435756, -5733924.38282623, -2861354.39562222, -2856149.03133441, -2957270.5070968, -2866500.28797752, -2835826.2618463, -2949468.75221344, -2966658.2665867, -2793208.6930863, -2651335.33102294, -2528445.87289744, -2474532.12426724, -2382458.06653265, -2295459.37960225, -2156990.9375823, -2048825.22436937, -2005491.89957461, -1957646.42994183, -1893104.44753526, -1782961.52572742, -1691793.66504696, 
-1647846.21537608, -1438370.22209167, -1449404.46957999, -1446555.14929633, -1407116.45089474, -1354238.32222838, -1305207.45255344, -1283083.11558557, -1380945.59402126, -1431087.11381257, -1518435.46953388, -1634941.84293026, -1656384.8116528, -1704892.47748701, -1730597.80990339, -1768254.68735888, -1766982.03865428, -1805408.67960353, -1880221.50103481, -1917965.04582188, -1973656.12646053, -1975810.33439122, -2125825.25572967, -2131135.24360229, -2205336.7415608, -2255956.13917778, -2291931.8270324, 
-2371476.31450342, -2472003.1661251, -2527801.48734052, -2600250.40164133, -2626484.72456199, -2587348.54529132, -2522317.14156603, -2520515.13771248, -2557529.09234689, -2669214.31587198, -2737291.0789753, -2888290.30148732, -2861354.39562222)))
"BRA","Brazil","Brazil","South America",8358140,198739269,23.7779301375665,"3. Emerging region: BRIC","3. Upper middle income",10028.214403868,73.907,6.9,3.11,0.216321529973864,34.3449752476487,list(list(c(-5117039.99896921, -5024422.22492144, -4941014.54744859, -4887866.40041405, -4821515.68982397, -4832642.0844282, -4887060.84273258, -4928711.15971401, -4920114.38940783, -4916976.4651169, -4925202.52254019, -4960555.55120626, -4992170.5667041, -5026667.28811295, -5043066.67043394, -5064955.15705775, -5086290.87199305, -5151727.80635319, -5186145.49369154, -5285208.56410443, -5298332.06051988, -5332952.64417389, -5307031.38158178, -5323273.09114184, -5303634.33168624, -5296892.72818488, 
-5325965.70264396, -5379606.72144432, -5393994.75390697, -5386795.03327027, -5564577.49447289, -5612757.53356017, -5585877.15022356, -5591505.15229872, -5612506.09264413, -5622212.55152765, -5679001.00238114, -5737393.74245645, -5778618.1510545, -5843352.58250479, -5883410.89725686, -5989185.38983561, -6098337.57698869, -6096453.76843099, -6110999.88565253, -6106727.88505075, -6227753.79445825, -6274076.78475708, -6352438.93459101, -6370702.83191893, -6418561.73446878, -6488679.21687368, -6539799.6232754, 
-6583268.06483912, -6589555.60635708, -6661577.2072086, -6744238.81823878, -6783890.63039578, -6846397.63361124, -6829946.93538186, -6886383.21554577, -6931400.57606979, -6907826.65864951, -6910461.67916122, -6855434.9759363, -6867653.85888883, -6845430.38301547, -6840758.92210168, -6736190.87260861, -6659945.52637832, -6647881.80296445, -6563102.17481815, -6527250.0972197, -6525490.46421592, -6540589.05196182, -6582395.89996469, -6581813.99960385, -6528791.78235702, -6510048.11514866, -6506630.85391916, 
-6561626.23549688, -6562090.80290618, -6378989.5835659, -6347406.44352462, -6321754.04947334, -6304074.06312742, -6286222.19828896, -6234866.5786591, -6161742.23878727, -6143332.51655665, -6073216.11627893, -6034347.52184951, -6022895.6418345, -5955338.34886794, -5960069.95803098, -6039523.25342614, -6051267.70175202, -6045773.67052937, -6087058.53862608, -6069180.41936566, -6000039.37269975, -5926064.71743465, -5898292.97339526, -5830309.36919304, -5724137.43398912, -5688553.35483547, -5699991.82103447, 
-5651040.20454973, -5630007.91500088, -5643658.16201293, -5611863.54134398, -5591650.31189046, -5618609.97844713, -5635408.70428624, -5612218.16262291, -5606040.18226998, -5548710.73097312, -5502615.3875716, -5492046.92332915, -5462299.50956811, -5419585.29972764, -5388708.56732109, -5336828.45432295, -5313916.24155551, -5262914.35501045, -5254196.02199626, -5269691.12345992, -5259853.93015897, -5222069.36873917, -5177539.32584408, -5124028.72598659, -5083271.30309908, -5053807.24972356, -5032847.09069809, 
-5020407.73174686, -4975317.9105152, -4938774.09846594, -4908655.59549603, -4851087.26083292, -4818981.69644188, -4797017.34736327, -4747129.85983171, -4697037.40150005, -4695049.38148429, -4766054.05569968, -4736826.78795973, -4570642.82142775, -4566842.68489741, -4495773.21553473, -4377334.8038184, -4220819.3086477, -4174394.97959651, -4189125.019991, -4080249.75487196, -3896700.52373233, -3756379.02734353, -3616285.30505011, -3494298.87509417, -3421390.57108438, -3341045.35959378, -3306358.48777203, 
-3271421.03966297, -3254167.51391805, -3286066.94128485, -3331183.50749147, -3456857.92979886, -3510665.00706835, -3574838.99672089, -3597986.7534183, -3619589.78181542, -3600751.41318998, -3615250.2703991, -3619878.61542151, -3645807.4439551, -3650658.79758128, -3731455.18055857, -3736680.44754145, -3805975.36507131, -3820807.26125708, -3919694.98629203, -4058311.38309713, -4116905.79193909, -4214863.66599556, -4311004.88948991, -4373663.86094887, -4375914.65872153, -4352742.42158886, -4353991.54720224, 
-4366559.5742261, -4419967.9987054, -4488224.22682966, -4551427.02921676, -4602496.77483884, -4623943.15831615, -4670317.2329912, -4706153.87418665, -4676966.29973384, -4741325.85681828, -4821411.46625588, -4924995.66815388, -4957347.1482703, -5061490.14691367, -5117039.99896921, -3870869.21152451, -3705746.11490061, -3587356.52618399, -3537509.25435833, -3469836.69153488, -3371444.36020808, -3300069.05852535, -3323786.49512442, -3252288.88971758, -3178802.45509747, -3110294.42806772, -3087646.35176525, 
-3107831.24138215, -3102297.90125707, -3054209.78035021, -2939387.46943343, -2901859.3052717, -2867814.2641594, -2892456.56181715, -2868302.11151973, -2696942.88261534, -2626484.72456199, -2600250.40164133, -2527801.48734052, -2472003.1661251, -2371476.31450342, -2291931.8270324, -2255956.13917778, -2205336.7415608, -2131135.24360229, -2125825.25572967, -1975810.33439122, -1973656.12646053, -1917965.04582188, -1880221.50103481, -1805408.67960353, -1766982.03865428, -1768254.68735888, -1730597.80990339, 
-1704892.47748701, -1656384.8116528, -1634941.84293026, -1518435.46953388, -1431087.11381257, -1380945.59402126, -1283083.11558557, -1305207.45255344, -1354238.32222838, -1407116.45089474, -1446555.14929633, -1449404.46957999, -1438370.22209167, -1460820.67230972, -1445854.58762364, -1247549.85805356, -1324551.30789798, -1321176.97864324, -1251481.58261374, -1243901.68009987, -1187744.8365895, -1108107.72277046, -990080.970258897, -966102.139093696, -910680.306116698, -872788.488675331, -801771.95419108, 
-756053.765308809, -694705.56270593, -605191.731206113, -579877.594811415, -560095.413969258, -566270.373276271, -205135.720570951, -147978.688408923, -72499.6683931191, -24407.4179825903, 71368.9853105636, 93084.9414479339, 79440.9923810148, 129928.745529975, 143558.261911124, 226026.563047267, 223081.145842603, 268506.237083102, 226710.986519843, 148966.399341013, 165210.962332116, 95496.2851507646, 104038.115567615, 144375.61553834, 175144.782675753, 196775.823376488, 252588.832190587, 290081.252614828, 
317772.248960649, 329094.394133147, 412052.13898225, 500330.569977833, 534454.782104171, 546568.283700632, 529727.501545755, 496823.57901881, 527941.985209204, 548363.812336098, 597624.512866075, 647828.215051695, 684937.982179283, 690751.099633072, 660449.547855463, 602689.817231843, 582760.820988827, 521602.408423853, 475222.371829786, 363112.5532765, 296502.077189166, 235526.668071862, 173690.648710342, 167152.106651661, 192965.258816392, 198665.77052261, 221780.388606116, 256827.866591315, 245649.651161551, 
250368.852841325, 239582.021454471, 266507.662436394, 292702.707539088, 330854.291086377, 319147.541809075, 332617.581241056, 304699.845519007, 277518.407132272, 313244.631273787, 307736.50579398, 270644.39299232, 280061.655322468, 330108.804139816, 427106.338188093, 547588.472718696, 553808.094105968, 481002.204738076, 250637.838764929, 228883.427713565, 137904.871936347, 29393.8831801218, -10340.6105173738, -31042.3030549951, -163160.752199503, -76668.5052185966, -124043.57453266, -204536.395036188, 
-281760.465950495, -354691.723206412, -314088.801825502, -383764.943647639, -378632.614966044, -487618.614835731, -635049.362554795, -672988.133638594, -678261.515445226, -719734.721595819, -887001.213895245, -966393.607988539, -1182978.17028213, -1268354.54396857, -1449970.27682645, -1597144.89087378, -1709754.24986728, -1712288.90101583, -1807664.22149588, -2049717.42053721, -2247839.94285862, -2332290.46926862, -2382735.37420046, -2553127.14116912, -2718685.88438967, -2849055.23350485, -2903587.46377832, 
-2978842.08080661, -2978544.02992088, -3026682.79825319, -3082308.87406344, -3118771.95247909, -3217897.02876559, -3340824.52505564, -3432952.29782633, -3500850.25989905, -3624526.11169044, -3684011.50651129, -3750895.52741639, -3963278.15654886, -4058219.83895372, -4113960.14765449, -4226779.87033054, -4294235.15863851, -4227421.27752814, -4171257.18277085, -4090367.51568403, -4024382.43345695, -3947601.01776544, -3951107.34445105, -3858008.87057098, -3870869.21152451)))
"CHL","Chile","Chile","South America",743532,16601707,22.3281674494171,"5. Emerging region: G20","3. Upper middle income",14727.4012244644,81.05,6.6,4.36,0.14306822168319,31.6655215529539,list(list(c(-5366505.72986185, -5272107.09629578, -5189822.91680911, -5142411.80703194, -5150658.98668114, -5202850.38277505, -5241754.94878506, -5290539.46946057, -5359357.37923896, -5446096.73991252, -5567936.86444147, -5671099.42984175, -5828811.6110054, -5755053.93619002, -5616056.92117755, -5497459.65543474, -5477529.20322592, -5481707.66850153, -5427076.60366426, -5366505.72986185, -6330001.68711938, -6541081.05609152, -6541128.39980297, -6543615.70062152, -6581015.661479, -6609564.60590374, 
-6606647.44934251, -6599216.44151041, -6571532.31613979, -6558166.37631807, -6506220.98875869, -6455784.14222188, -6349315.93437216, -6369414.02976758, -6432926.98255645, -6466779.93558123, -6423501.63350442, -6358297.90423576, -6318635.46699423, -6330001.68711938)), list(c(-6233338.63639688, -6173882.87349228, -6110601.17080849, -6095168.49188042, -6107641.26964518, -6197104.14575135, -6161279.53118026, -6173455.43100485, -6138358.48915006, -6188466.44757591, -6226341.01528582, -6237303.11941429, 
-6205821.75247984, -6234965.04973165, -6149768.54740752, -6122155.68018498, -6097664.49931975, -6120323.08229277, -6094428.76175474, -6140748.2104793, -6112791.85072441, -6056635.3640107, -6096392.7150877, -6090475.23246687, -6076539.21965973, -6020883.34758554, -6047559.75044938, -5987410.28871301, -5936343.46461003, -5948583.2676777, -5902920.23901368, -5880395.88105712, -5909478.21724678, -5878907.38343686, -5858623.51624276, -5868364.39550419, -5838886.30243643, -5838896.68686236, -5882430.05084591, 
-5831101.51864941, -5787779.43532804, -5737679.31501184, -5707581.72728402, -5650049.80199853, -5454660.44765661, -5375496.6569261, -5445557.07592025, -5472983.15722497, -5528143.69004361, -5500197.94468733, -5531977.63436325, -5633850.20932258, -5753991.21033928, -5753991.17434457, -5876911.54576015, -5929814.35739693, -5933290.96787471, -6002224.5566467, -6085416.68166437, -6091029.29820135, -6036439.96475259, -6171837.56415286, -6128990.60702545, -6164442.43942398, -6059265.5506081, -6090731.62839241, 
-6156352.96596612, -6137661.18446262, -6195351.96553556, -6220565.43906143, -6255602.05897122, -6239208.95072232, -6295487.86721723, -6338241.58139224, -6302958.64247252, -6298657.74134481, -6284161.54067081, -6287426.77084912, -6346489.30515232, -6340535.70792825, -6380852.24383222, -6356560.79231515, -6382037.52309591, -6394218.45339337, -6406056.85310216, -6439700.96173172, -6480348.35589438, -6436710.98914914, -6419275.46500555, -6364452.22576579, -6341591.75820098, -6287009.94238326, -6300845.56868508, 
-6233338.63639688, -2793208.69308629, -2966658.2665867, -2949468.75221344, -2980882.99540401, -3110829.59249533, -3172300.12613787, -3378869.87113692, -3418566.44702017, -3466869.59131855, -3543202.63246513, -3657826.76174157, -3768293.14386202, -3885340.03303659, -4008887.39800407, -4214319.4583461, -4235916.06091657, -4344214.2687005, -4458354.37412656, -4555363.9945224, -4630750.8840675, -4736127.87844994, -4847203.62947945, -4888271.63583746, -4988631.62944052, -5102831.90470821, -5237307.18331068, 
-5259598.28298156, -5385096.25954803, -5426000.11288056, -5471082.66868425, -5492538.26603486, -5532753.9272293, -5552914.14811768, -5615113.01543342, -5753863.5504253, -5842159.49600117, -5894023.95300599, -5958614.3245555, -6003083.2955771, -6109223.13673414, -6145172.91597175, -6138798.43202228, -6212526.89385142, -6269377.80138449, -6282349.29595366, -6297513.44769899, -6296789.05556928, -6320526.63910833, -6355230.35720277, -6444063.72189393, -6446253.86679808, -6415498.78443148, -6349083.81434574, 
-6349083.89177169, -6293965.65059704, -6232413.84495048, -6174964.56190049, -6109182.05314049, -5937815.41509359, -5839420.94004949, -5759519.11202163, -5729167.79503947, -5636550.30255429, -5459913.00177779, -5497611.65868312, -5273646.7673909, -5244557.64447008, -5380468.55967233, -5365223.78470589, -5209137.91043923, -5003640.84977943, -4926914.97492701, -4816561.69597229, -4687990.50534227, -4684262.8465315, -4497814.16432505, -4310792.6305942, -4134597.48513135, -3955618.05193453, -3856318.87111251, 
-3706801.76777899, -3557799.78908562, -3319662.56810977, -3061335.83518635, -2780457.26940083, -2573128.36795082, -2393680.740158, -2361059.43653327, -2295459.37960224, -2382458.06653265, -2474532.12426724, -2528445.87289743, -2651335.33102294, -2793208.69308629)))
"COL","Colombia","Colombia","South America",1109500,45644023,41.1392726453357,"6. Developing region","3. Upper middle income",8662.68952673168,73.673,6.4,1.87,0.235043952795377,40.6950110203891,list(list(c(-7085576.75683156, -7125841.2518605, -7171912.06899785, -7198662.61007218, -7278396.78922241, -7301066.41566696, -7318604.70358629, -7412063.41166872, -7424386.60828816, -7389202.07356718, -7392457.68545103, -7369625.67763538, -7322852.77032476, -7281609.65201985, -7243997.32744767, -7277780.2648684, -7257820.77221432, -7274854.43856696, -7253413.54302163, -7263534.85889668, -7298202.62377426, -7282973.32246816, -7253270.34673777, -7233569.28928958, -7251025.23528087, -7238557.21957403, 
-7190447.74102801, -7114788.27062737, -7075419.79533212, -7071750.90678851, -7047108.08656588, -6989257.83686799, -6930283.28896635, -6920885.53311376, -6848687.957993, -6770474.03419096, -6731968.77823511, -6682044.3510086, -6649672.58403903, -6627852.33454177, -6649211.6562208, -6710696.85229297, -6739026.81030854, -6777747.40939525, -6808162.09911747, -6825585.72684171, -6856127.33761375, -6808352.88629786, -6799733.32380384, -6780634.4722767, -6775970.55434742, -6789485.97978327, -6787488.20313041, 
-6764934.15761071, -6744669.48550672, -6623595.02152603, -6569866.81010098, -6508345.24084492, -6469919.19163906, -6402625.3704694, -6348620.87587354, -6316271.08556003, -6335580.32929116, -6357918.51945153, -6367967.26852598, -6351217.35307181, -6325360.42503463, -6322719.72926003, -6371509.44269957, -6337875.64088345, -6313549.1987319, -6286222.19828896, -6304074.06312742, -6321754.04947334, -6347406.44352462, -6378989.5835659, -6562090.80290618, -6561626.23549688, -6506630.85391916, -6510048.11514866, 
-6528791.78235702, -6581813.99960385, -6582395.89996469, -6540589.05196182, -6525490.46421592, -6527250.0972197, -6563102.17481815, -6611812.93870593, -6639934.58147194, -6581984.89045992, -6654882.22086359, -6711123.7320491, -6745379.33533013, -6796662.30103653, -6866882.72632971, -6923817.90757845, -6967575.22581736, -6997888.2673796, -7060523.23297126, -7085576.75683156, -20040.9215357302, 11178.5712203137, 54843.3622994717, 33869.3597804151, 52159.4650699246, 108867.552462731, 106762.76583955, 
182023.770409848, 222938.130843532, 232826.481434473, 298837.509619726, 346556.71557252, 355389.573522789, 438158.138814082, 507232.110344567, 538556.190726912, 614927.457339983, 735229.566236894, 769734.445652769, 880821.198097384, 950724.304575786, 1014470.4515132, 1005059.65767269, 1044021.09556268, 1121181.92349718, 1140325.83191464, 1136168.61010705, 1227506.40985337, 1241422.24980699, 1284653.12254181, 1394976.2150494, 1455486.71385015, 1457961.84521538, 1485121.25211629, 1474248.13514146, 
1540006.03262779, 1569098.4617081, 1631735.50874504, 1623774.07487406, 1589575.17008467, 1545773.20953309, 1523955.8838734, 1458830.64380497, 1421451.47420902, 1372971.6959059, 1279787.9305248, 1203334.27646431, 1194573.25275083, 1134406.20905842, 1105596.96106201, 1052848.84432992, 1004331.28066336, 976960.536948435, 966027.658908739, 920263.079924797, 932882.643062728, 916163.588007867, 803173.928794342, 817222.472766628, 810189.928104367, 825170.902149616, 802596.880559145, 731819.655315649, 687679.793047585, 
593344.373904287, 505895.360680447, 466775.145562715, 437293.886439744, 371730.433972533, 342700.121496778, 296634.850045881, 165210.962332116, 148966.399341013, 226710.986519843, 268506.237083102, 223081.145842603, 226026.563047267, 143558.261911124, 129928.745529975, 79440.9923810148, 93084.9414479339, 71368.9853105636, -24407.4179825903, -72499.6683931191, -147978.688408923, -205135.720570951, -566270.373276271, -496299.653750235, -493176.974155044, -359150.600610799, -297455.234851976, -308778.141039644, 
-285982.126119796, -320822.312657275, -304318.476585971, -166150.803509196, -132190.050734153, -69972.4748452798, -7540.8695411877, -20040.9215357302)))
"CRI","Costa Rica","Costa Rica","North America",51060,4253877,83.31133960047,"5. Emerging region: G20","3. Upper middle income",11359.0496387178,79.076,7.3,2.84,0.145567694423691,44.7140709773574,list(list(c(-7767317.69148684, -7816358.94543257, -7833648.55960768, -7821424.07408077, -7822938.06444023, -7846769.16494569, -7881793.4713693, -7912795.36017479, -7916177.66611677, -7938957.81207601, -7935751.91369049, -7956646.88963646, -7975394.6407115, -8004467.0830132, -8015257.37454319, -8011655.89009292, -7996029.98046721, -8020896.20817519, -7997430.12914772, -7981969.19187917, -7923349.39859699, -7900503.96806938, -7871799.63072715, -7858485.95762355, -7831624.51422912, -7807081.30644843, 
-7788958.03727659, -7756735.28414047, -7716799.89404236, -7753754.64967703, -7756750.5969532, -7738559.96074034, -7753536.51437406, -7751388.934036, -7760829.55376582, -7767317.69148684, 1081987.33778027, 1111051.68961847, 1138536.45967265, 1161260.92253632, 1190172.08773449, 1221488.59309263, 1247188.50767933, 1263944.25347563, 1302166.43511974, 1325502.92067621, 1287526.16641188, 1256298.07991066, 1292563.00012676, 1305470.79722839, 1331792.14852991, 1371535.26734361, 1412629.82633505, 1431009.7107713, 
1456190.53659183, 1472958.71989507, 1438444.410289, 1455436.19995454, 1444561.30398703, 1417731.56707837, 1409044.21604812, 1436679.29463052, 1365806.10775358, 1313260.24561222, 1257486.93644688, 1245810.32144421, 1193173.830937, 1173728.06654314, 1158227.53122904, 1134538.13674425, 1107985.98624468, 1081987.33778027)))
"CUB","Cuba","Cuba","North America",104020,11451652,110.090867140934,"5. Emerging region: G20","3. Upper middle income",9448.41844652632,NA,NA,NA,NA,NA,list(list(c(-7481420.28599983, -7404410.23268524, -7333185.34507745, -7254852.5554567, -7226088.10309706, -7138687.08297253, -7111101.23206611, -7045860.30109052, -6997436.35574978, -6967079.99652025, -6916260.90032061, -6927998.0315991, -6861236.88462469, -6799122.45015474, -6813999.44073839, -6877153.62405325, -6939756.70750651, -7001601.02464891, -7134670.21979379, -7063280.90006346, -7095907.00929539, -7153701.95406065, -7179939.28352315, -7190724.75105707, -7243107.2348576, -7322970.76394267, 
-7346137.385834, -7461856.92029223, -7489613.95442578, -7450186.12437744, -7538434.37707448, -7614974.44212934, -7653059.76205919, -7671288.69718411, -7718760.42369305, -7755816.22347625, -7701076.39667474, -7673553.5748094, -7627545.67897583, -7576812.65557261, -7505845.74273414, -7481420.28599983, 3006229.68238657, 2997292.38578104, 2995877.56005572, 2953155.96498383, 2907173.46354305, 2921369.8161271, 2891832.71442962, 2813834.41372546, 2756903.67717193, 2758640.31273928, 2732864.69587246, 2697247.14055269, 
2692033.17093253, 2640174.00653435, 2610454.85278397, 2594338.30295545, 2588031.24972576, 2598078.64973041, 2585707.64078958, 2656493.83417746, 2689399.69036648, 2697862.03111117, 2734380.54456882, 2806300.26854411, 2801388.36648916, 2835197.94685625, 2861617.97102883, 2881123.13622372, 2905653.39948391, 2937045.11215315, 2943471.74524465, 2878161.4575484, 2876405.76426446, 2845686.78499441, 2831909.24472338, 2843854.27448048, 2882745.26656907, 2928101.84310214, 2956019.07834327, 2980468.42370147, 
2992464.84391913, 3006229.68238657)))
"DOM","Dominican Rep.","Dominican Republic","North America",48310,9650054,199.752722003726,"6. Developing region","3. Upper middle income",8082.8563239128,73.097,4.8,1.53,0.296085915823961,30.3072130358612,list(list(c(-6582449.57774907, -6568214.49087253, -6496668.00619865, -6446391.71495226, -6421801.64932408, -6410630.42839314, -6360054.7778699, -6367527.29971298, -6327156.8988329, -6287339.66715965, -6327389.13801467, -6368059.26818235, -6410936.44834207, -6440526.61389436, -6459802.54307884, -6496066.03031479, -6506502.99975645, -6539080.2727612, -6585950.96272284, -6607400.42220036, -6607861.00215487, -6601926.51738884, -6621078.25449435, -6596062.79919013, -6583070.79281016, -6582449.57774907, 
2567789.38803302, 2589445.68320128, 2588858.25761545, 2556149.51760285, 2559342.34490106, 2514217.32263904, 2516756.35214821, 2478802.6976875, 2474199.62982138, 2427413.70783449, 2375432.31725838, 2403217.36844329, 2397862.03073566, 2403939.93189639, 2380642.38921963, 2372767.56452059, 2403758.46754682, 2385422.58811965, 2297835.24451761, 2318192.08157975, 2354961.27259641, 2389680.66330078, 2428013.79129098, 2449511.20876254, 2498502.07937384, 2567789.38803302)))
"ECU","Ecuador","Ecuador","South America",248360,14573101,58.6773272668707,"6. Developing region","3. Upper middle income",7390.32824928613,75.449,6,2.17,0.218878837678628,37.0427157141141,list(list(c(-7543666.19870194, -7495726.61074327, -7517020.51772156, -7551896.8871266, -7609178.89090934, -7590652.3070537, -7607788.50367431, -7574997.42132901, -7558036.90560534, -7522439.92508346, -7528782.74389935, -7477112.75966742, -7412063.41166872, -7318604.70358629, -7301066.41566696, -7278396.78922241, -7198662.61007218, -7171912.06899785, -7125841.2518605, -7085576.75683156, -7072116.17236837, -7100683.42798232, -7201263.89339855, -7313278.53881063, -7368174.67691789, -7383396.84766396, 
-7434713.67029371, -7476267.60146662, -7514628.25676054, -7553119.29651248, -7557086.78185245, -7531153.82227019, -7543666.19870194, -448671.713915994, -350239.578918694, -292702.625403864, -353881.62905805, -296147.933833839, -259003.462756015, -139389.660634541, -119513.932363321, -37397.8827777448, 47500.1011974725, 101293.022181423, 129567.740268, 182023.770409848, 106762.76583955, 108867.552462731, 52159.4650699246, 33869.3597804151, 54843.3622994717, 11178.5712203137, -20040.9215357302, -120140.591189585, 
-205837.202879603, -343806.305345965, -395751.303334556, -510320.461516614, -599113.443290131, -653224.788638116, -586799.774333537, -572574.308295206, -583053.130437286, -534828.796009693, -503483.662800514, -448671.713915994)))
"FLK","Falkland Is.","United Kingdom","South America",11554.1549922073,3140,0.271763707698034,"2. Developed region: nonG7","1. High income: OECD",33471.3375796178,NA,NA,NA,NA,NA,list(list(c(-4814015.48631543, -4740858.17806069, -4665003.5063997, -4631429.60898115, -4552886.82726351, -4564512.21110393, -4660048.50203825, -4707823.96823494, -4758406.12353519, -4814015.48631543, -6253920.63166264, -6195275.89371243, -6219773.17606641, -6180535.30065756, -6224662.03567854, -6258784.59460222, -6287893.1352793, -6253920.63166264, -6297567.20962816, -6253920.63166264)))
"GTM","Guatemala","Guatemala","North America",107160,13276517,123.894335572975,"6. Developing region","4. Lower middle income",5165.51140634249,71.355,5.9,1.89,0.274812322381573,34.2363515681315,list(list(c(-8372618.86027368, -8417806.17619492, -8475496.08540896, -8515071.72210365, -8558812.76358528, -8552038.00863453, -8537595.34694336, -8547783.18039623, -8489817.4715514, -8371001.36737526, -8362925.91763192, -8376873.34102283, -8383415.95810404, -8413563.56575359, -8442001.45036831, -8400265.56588518, -8389947.99973184, -8303843.6593148, -8218775.91520414, -8233526.65005355, -8259660.3486937, -8232022.89954824, -8204732.1653597, -8194373.38291749, -8169247.19777812, -8217435.39472904, 
-8265697.93307942, -8275153.55864458, -8270712.64742373, -8293756.98368668, -8316383.78134862, -8313173.06025949, -8332208.43081568, -8367668.95559534, -8372618.86027368, 1800147.66546302, 1822737.67056007, 1825076.05842356, 1850754.21760533, 1904117.07874542, 1941751.34582918, 1972025.47680757, 1996136.93933205, 2101160.61380234, 2101546.31915129, 2145347.33055598, 2153145.57809431, 2180988.61084162, 2210646.41097395, 2253451.97292182, 2253769.9813548, 2325873.49235581, 2326095.01645491, 2324686.49770506, 
2223106.73876504, 2078038.48835041, 2078081.73763957, 2054784.02843734, 2073976.18728225, 2057533.42038795, 2008364.42009802, 1972262.25311908, 1947457.42119715, 1922105.05560238, 1889289.45417954, 1881330.9348247, 1866098.47700145, 1851790.69287774, 1819137.87636009, 1800147.66546302)))
"GUY","Guyana","Guyana","South America",196850,772298,3.92328168656337,"6. Developing region","4. Lower middle income",3840.48644435179,NA,NA,NA,NA,NA,list(list(c(-5593811.37948719, -5534378.50340442, -5479776.29041201, -5479579.57806143, -5444367.85820716, -5396235.56835214, -5360608.75674249, -5378848.28580231, -5436677.57927614, -5432331.81488612, -5451128.32997836, -5411278.18340068, -5381206.15025261, -5369991.34131225, -5313916.24155551, -5336828.45432295, -5388708.56732109, -5419585.29972764, -5462299.50956811, -5492046.92332915, -5502615.3875716, -5548710.73097312, -5606040.18226998, -5612218.16262291, -5635408.70428624, -5618609.97844713, 
-5591650.31189046, -5611863.54134398, -5643658.16201293, -5630007.91500088, -5651040.20454973, -5699991.82103447, -5760537.86192811, -5733956.92191313, -5733741.90035442, -5675302.15807757, -5651128.27542342, -5681354.19744585, -5671253.15236967, -5593811.37948719, 1100588.58661519, 1052398.50475746, 966980.014058256, 899418.058766982, 896308.070719672, 832256.822129911, 786526.649199064, 668275.302258071, 633955.040945226, 602931.180003533, 535036.330927106, 439427.290553777, 439274.176129232, 364916.477858794, 
250368.852841325, 245649.651161551, 256827.866591315, 221780.388606116, 198665.77052261, 192965.258816392, 167152.106651661, 173690.648710342, 235526.668071862, 296502.077189166, 363112.5532765, 475222.371829786, 521602.408423853, 582760.820988827, 602689.817231843, 660449.547855463, 690751.099633072, 684937.982179283, 784676.430163163, 820833.612488808, 881472.465737469, 902541.519311704, 927125.713822076, 975808.339351684, 1023616.0899602, 1100588.58661519)))
"HND","Honduras","Honduras","North America",111890,7792854,69.6474573241577,"6. Developing region","4. Lower middle income",4327.04115847673,72.755,4.6,1.68,0.311081290792994,27.1587707896045,list(list(c(-8124364.88492708, -8136335.18317623, -8163417.06380679, -8151498.46407629, -8162635.28525599, -8180759.76849216, -8223181.06086099, -8224747.8546805, -8250501.25312751, -8267621.38643567, -8293756.98368668, -8270712.64742373, -8275153.55864457, -8265697.93307941, -8217435.39472903, -8169247.19777811, -8160246.27376951, -8137153.37580011, -8110438.3291683, -8103140.93289813, -8087992.71288273, -8046398.98400071, -8003193.24191982, -7971686.13197121, -7959078.08153317, -7930398.13266763, 
-7909302.2538433, -7884728.72967375, -7864992.54428475, -7824852.58977599, -7810495.68672441, -7785063.10575458, -7761620.25129022, -7730170.25628308, -7709730.10739749, -7741220.91416162, -7756013.95790221, -7790062.80079047, -7813506.80395173, -7835806.47692988, -7853747.6227143, -7867382.65047613, -7877489.40288907, -7892790.7843257, -7901573.64839196, -7906006.63517509, -7942228.42365493, -7960971.25213242, -7972192.29172536, -7996832.08653858, -8020536.89962076, -8039820.89104506, -8061922.33618387, 
-8066519.7667924, -8080283.41850818, -8094907.90631001, -8124364.88492708, 1702820.30255797, 1743405.63680098, 1754679.33928094, 1806586.74149578, 1820606.59719154, 1829839.47062826, 1814413.58681412, 1831849.73343752, 1852603.14032131, 1878413.81551569, 1889289.45417954, 1922105.05560239, 1947457.42119716, 1972262.25311908, 2008364.42009803, 2057533.42038797, 2052500.50250547, 2075144.01352831, 2076990.51144383, 2066492.69473421, 2072888.18378451, 2061267.78673489, 2064632.4338418, 2078876.85139495, 
2093289.46163786, 2086627.60335102, 2077885.45205314, 2080899.50090811, 2092068.91972171, 2074212.41681049, 2071370.92183713, 2047293.88052732, 2018399.8403339, 1998646.69543216, 1963150.47802742, 1965788.81137621, 1948204.83134865, 1931331.76957048, 1931244.9855595, 1914816.53181954, 1920656.12207238, 1940393.1291735, 1936635.29974985, 1905760.22395993, 1906878.99941821, 1880268.36212249, 1844645.25274948, 1829250.75918018, 1813192.29166947, 1839361.56934154, 1804813.066134, 1805736.72378992, 1802674.53248555, 
1738939.03259199, 1737786.29838928, 1708155.02433792, 1702820.30255797)))
"HTI","Haiti","Haiti","North America",27560,9035536,327.849637155298,"7. Least developed region","5. Low income",1272.75238569134,62.077,4.4,0.61,0.369860663721656,28.5671847743462,list(list(c(-6714733.06158468, -6659486.09814784, -6582449.57774907, -6583070.79281016, -6596062.79919013, -6621078.25449435, -6601926.51738884, -6607861.00215487, -6666519.72466627, -6711039.2922112, -6766149.37616918, -6812104.13343139, -6856647.82176978, -6843473.55042098, -6760944.01466534, -6692713.8199753, -6656155.98261669, -6691393.59271696, -6684581.38326279, -6739970.55796131, -6714733.06158468, 2593353.93066698, 2587742.4484507, 2567789.38803302, 2498502.07937384, 2449511.20876254, 2428013.79129098, 
2389680.66330078, 2354961.27259641, 2376687.02844772, 2367823.88661172, 2377063.43342768, 2353170.58987072, 2392987.75487638, 2434139.34089083, 2416419.18993952, 2406173.51843962, 2434587.67132593, 2489814.00685293, 2538435.65307199, 2558268.24862919, 2593353.93066698)))
"JAM","Jamaica","Jamaica","North America",10830,2825928,260.935180055402,"6. Developing region","3. Upper middle income",7399.33926129753,75.326,5.55,1.89,0.211465321614207,36.8884351436953,list(list(c(-7140772.441433, -7080270.95803612, -7035179.96331545, -7024205.14467415, -7089292.02561957, -7119913.93615146, -7168995.7990104, -7215823.01914171, -7201029.79368227, -7161186.12341376, -7140772.441433, 2411883.87711489, 2400435.85935077, 2369752.56149365, 2334736.74201296, 2332353.35867938, 2310965.56452465, 2331503.76650749, 2378093.57464745, 2407288.61039733, 2416185.01688263, 2411883.87711489)))
"MEX","Mexico","Mexico","North America",1943950,111211789,57.2091818205201,"4. Emerging region: MIKT","3. Upper middle income",14054.2654160523,76.411,7.3,2.89,0.187698991170799,40.6972922225765,list(list(c(-8760975.37753217, -8820811.70001719, -8856388.90893699, -8898284.71750073, -8919421.79612874, -8917106.25668805, -8900536.80092438, -8900370.32327252, -8856196.64896838, -8847065.6447807, -8821393.46942908, -8729088.68585037, -8699315.93560474, -8613058.71489888, -8540876.51736085, -8468440.55712969, -8407164.11109676, -8340603.59102184, -8306916.24802833, -8281795.57684386, -8259690.31763208, -8192067.6359534, -8090378.19180821, -8010221.38278055, -7952988.59942455, -7935572.15475424, 
-7948737.22814489, -8010101.35594016, -8044038.05958208, -8030515.68482671, -8052591.88345471, -8090217.07519791, -8108817.1219879, -8128400.24215598, -8146144.53889705, -8190247.48983749, -8204823.77106787, -8216821.59850841, -8218775.91520414, -8303843.65931479, -8389947.99973184, -8400265.56588517, -8442001.45036831, -8413563.56575358, -8383415.95810403, -8376873.34102283, -8362925.91763192, -8371001.36737526, -8489817.4715514, -8547783.18039623, -8537595.34694336, -8552038.00863452, -8558812.76358528, 
-8646548.09702092, -8688823.2492893, -8759867.21287692, -8812816.47417122, -8893698.42219597, -8942074.27999586, -9002854.54792202, -9068817.28932878, -9146837.33978284, -9213491.1882494, -9309055.49341888, -9376642.28605036, -9394402.99377481, -9444733.16069789, -9532225.47577526, -9560569.85448221, -9646485.8475361, -9677620.60285317, -9687618.87570612, -9654646.67059279, -9656975.68304879, -9629406.24324088, -9620130.68160417, -9639250.44309521, -9636899.55887526, -9653724.41913786, -9705751.34073462, 
-9773801.22004598, -9798694.4895638, -9863363.85592746, -9872125.86337127, -9838237.60994352, -9876370.84919395, -9912991.73033178, -9911149.19415195, -9956454.78089512, -9989517.76493366, -10013524.5064058, -10005764.8932111, -10024916.6777766, -10026337.3404331, -10009636.8986531, -10057451.6509278, -10088729.1211975, -10127723.69863, -10158686.7128835, -10163635.9153047, -10185016.6864571, -10170666.3228279, -10130897.6034137, -10125014.5858481, -10114094.4412642, -10114986.1801589, -10098586.6464475, 
-10103958.9600589, -10085773.1047604, -10079073.4366877, -10040082.0607875, -10041171.5290753, -10028534.2411341, -10018262.645184, -10029641.5552102, -9986944.68344758, -9964270.89312688, -9944488.82941401, -9951899.82913143, -10000757.8186473, -10016749.3589398, -10023064.9140038, -10065427.4312631, -10115913.0451405, -10154245.9305485, -10127754.6081626, -10123587.1883737, -10156115.8093083, -10202685.4524518, -10219014.5790884, -10232642.4796405, -10279541.3683724, -10311566.0842781, -10302285.3470847, 
-10267439.1376639, -10220598.2768098, -10200609.3847267, -10242343.1782903, -10283903.89685, -10292070.879198, -10298487.9668386, -10306272.2881157, -10303571.8734941, -10200282.1090776, -10083965.4020671, -10100550.151537, -9987996.69854224, -9815162.51099029, -9639075.83974732, -9568955.72159083, -9552709.0023149, -9399828.22944471, -9381200.41410368, -9347911.00064403, -9311591.09487861, -9301147.81662667, -9298601.77582488, -9263115.8336473, -9199422.10401058, -9116093.32337191, -9042697.49507854, 
-8993585.70548091, -8971668.77029127, -8959793.77002609, -8924994.85231434, -8926824.99518497, -8915778.1235819, -8854654.01430047, -8797011.284275, -8760975.37753217, 3339955.73968124, 3231181.4614563, 3141634.70939274, 2974141.00549425, 2912830.77024385, 2844189.53803845, 2782691.68186252, 2684629.42362774, 2590210.30534451, 2517667.3310859, 2454944.4774549, 2421099.03260276, 2367665.36089203, 2403369.14096012, 2416264.17414302, 2439199.21318331, 2461071.96265737, 2513052.98970771, 2587223.91256475, 
2693757.08197885, 2730744.34331782, 2763839.83661784, 2793123.99746582, 2788728.45025925, 2799416.20872264, 2772653.82818256, 2711772.34620758, 2636467.97291757, 2559158.40424882, 2537012.4893312, 2481979.71122118, 2382418.53062576, 2415218.62460527, 2413091.15076725, 2411412.17176671, 2334267.34980597, 2349400.62275438, 2343511.96837394, 2324686.49770507, 2326095.01645491, 2325873.49235581, 2253769.98135481, 2253451.97292183, 2210646.41097396, 2180988.61084163, 2153145.57809431, 2145347.33055598, 
2101546.3191513, 2101160.61380235, 1996136.93933205, 1972025.47680758, 1941751.34582918, 1904117.07874542, 2043065.53846916, 2084891.29119596, 2118454.0319941, 2109106.76195213, 2060672.0404767, 2047973.04050414, 2081917.44289566, 2106403.90979255, 2165387.96412316, 2183387.92288198, 2243052.33302251, 2304296.76272279, 2338475.14144075, 2346106.13133408, 2386568.02624078, 2444812.02647357, 2517127.9818636, 2597301.08626884, 2659123.49234553, 2671492.75530291, 2707600.55389512, 2740407.26793316, 2784090.91055123, 
2840719.53834756, 2890812.30670086, 2954216.29132482, 3078677.94994296, 3176078.95962844, 3253545.6769477, 3304151.62915225, 3334377.65497945, 3410682.32236284, 3439413.52324104, 3499156.33374327, 3584661.2413244, 3594609.96428108, 3658900.6815653, 3718102.71565578, 3756036.23720728, 3847317.67748829, 3939552.66267984, 3985644.90449935, 4033122.74408212, 4027914.33330575, 4060826.07113515, 4012295.53862815, 3954774.39136543, 3864402.78769248, 3814608.56034766, 3731126.44515452, 3702512.91585095, 
3693828.63133959, 3651993.73787604, 3653688.40193905, 3574916.58050677, 3543766.26652068, 3500336.43910257, 3437768.98246507, 3322961.84355215, 3268714.10943614, 3210540.98022586, 3144906.06194391, 3140787.82533094, 3084100.06331678, 3028273.97134384, 3005851.01495956, 2959802.60844378, 2960405.59170547, 3036570.73188953, 3107792.62852839, 3168051.24976136, 3199652.14803409, 3290468.08640557, 3357505.70817846, 3395766.32376927, 3450737.59739625, 3434893.13768627, 3466958.62310233, 3496697.58039053, 
3567881.13236902, 3577116.86237187, 3570176.99493034, 3615840.98564957, 3670860.38596566, 3757568.76955992, 3791123.40429209, 3866587.61695781, 3945509.3938157, 4041265.97089969, 4148431.61269463, 4157579.68767891, 4170446.38505096, 4147236.83815147, 4089402.00618222, 4005261.2035217, 4006125.61031155, 4006159.13218486, 4055492.56423974, 4055452.72050181, 4013069.30323585, 3975198.21982746, 3922379.42607159, 3859462.1415888, 3793012.05088713, 3756419.00411414, 3719997.37444822, 3815765.63824603, 
3818099.52676433, 3769843.19397091, 3686689.93626784, 3615230.04697503, 3545504.47529848, 3459572.21605421, 3401690.79643296, 3363434.33523606, 3336246.8334796, 3339955.73968124)))
"NIC","Nicaragua","Nicaragua","North America",120340,5891199,48.9546202426458,"6. Developing region","4. Lower middle income",2850.01406335111,74.322,5.4,1.39,0.24717420664696,38.6882582674237,list(list(c(-7997430.12914772, -8026230.7500713, -8065197.19854535, -8081721.78605658, -8117148.37554151, -8158070.02982704, -8145732.10341885, -8132323.74003883, -8124364.88492708, -8094907.90631002, -8080283.41850818, -8066519.76679241, -8061922.33618387, -8039820.89104506, -8020536.89962076, -7996832.08653858, -7972192.29172537, -7960971.25213242, -7942228.42365493, -7906006.63517509, -7901573.64839197, -7892790.78432571, -7877489.40288908, -7867382.65047613, -7853747.6227143, -7835806.47692988, 
-7813506.80395173, -7790062.80079047, -7756013.95790222, -7741220.91416163, -7709730.10739749, -7719067.89289278, -7726927.68638079, -7722494.10824482, -7748465.19987169, -7763714.74528982, -7772330.63720524, -7770527.74041627, -7773604.49558531, -7788991.93627365, -7802647.65473831, -7799203.97865112, -7821094.89281526, -7819658.92434895, -7807081.30644843, -7831624.51422912, -7858485.95762355, -7871799.63072715, -7900503.96806938, -7923349.39859699, -7981969.19187917, -7997430.12914772, 1456190.53659183, 
1497230.91184471, 1549754.4198965, 1593603.78648135, 1634458.45532028, 1693115.17440072, 1713184.12737698, 1693648.43199751, 1702820.30255796, 1708155.0243379, 1737786.29838929, 1738939.032592, 1802674.53248554, 1805736.72378992, 1804813.06613399, 1839361.56934154, 1813192.29166946, 1829250.75918019, 1844645.25274947, 1880268.3621225, 1906878.99941821, 1905760.22395993, 1936635.29974985, 1940393.1291735, 1920656.12207236, 1914816.53181953, 1931244.98555951, 1931331.76957047, 1948204.83134864, 1965788.81137619, 
1963150.47802741, 1950760.61534555, 1921924.7759982, 1874620.96070942, 1830545.2461123, 1778428.12040396, 1721293.38844318, 1687842.68243301, 1629368.35118835, 1616600.7664923, 1560977.02720088, 1526606.54031754, 1493306.80848084, 1458093.17600306, 1436679.29463052, 1409044.21604812, 1417731.56707837, 1444561.30398703, 1455436.19995454, 1438444.410289, 1472958.71989507, 1456190.53659183)))
"PAN","Panama","Panama","North America",74340,3360474,45.2041162227603,"6. Developing region","3. Upper middle income",11554.9175503218,77.215,6.9,2.79,0.189978978183019,39.5025772170607,list(list(c(-7298202.62377426, -7327545.01785995, -7343855.59215342, -7318770.59943217, -7341976.7376057, -7356913.5693623, -7401307.9218545, -7442758.88415985, -7464494.45844856, -7504237.73432645, -7524927.70906711, -7535670.54898108, -7494881.51704517, -7521330.62048954, -7535866.80081482, -7579803.65969322, -7591874.30476602, -7605283.92717614, -7635757.99471508, -7651693.15799282, -7689587.40804477, -7712977.18277208, -7753163.2534866, -7757732.52005661, -7767317.69148684, -7760829.55376582, 
-7751388.934036, -7753536.51437406, -7738559.96074034, -7756750.5969532, -7753754.64967703, -7716799.89404236, -7686389.21943272, -7690111.77281799, -7653162.02029457, -7643647.89022634, -7619970.61064136, -7573348.50428013, -7531463.64758855, -7472966.77741127, -7438484.18351318, -7387379.98200383, -7391706.39656814, -7339864.38612205, -7299696.30200083, -7271597.98483364, -7238557.21957403, -7251025.23528087, -7233569.28928958, -7253270.34673777, -7282973.32246816, -7298202.62377426, 950724.304575786, 
988563.068675664, 1059322.64553984, 1094320.93323057, 1103295.85293029, 1146559.57613988, 1182937.68322817, 1174600.38907279, 1129068.03424347, 1096172.17271991, 1091599.84274106, 1064336.80588006, 993188.097992818, 976431.883301273, 956995.071912096, 950300.589642591, 1028639.02707426, 1006350.39547101, 1014047.02026096, 1066781.14743749, 1075484.74950737, 1090807.86726467, 1090611.56451534, 1062176.79080468, 1081987.33778027, 1107985.98624468, 1134538.13674425, 1158227.53122904, 1173728.06654314, 
1193173.830937, 1245810.32144421, 1257486.93644688, 1210587.05684183, 1182870.06882152, 1176987.39300991, 1187629.98067025, 1155474.7224117, 1164933.30267966, 1197980.43525814, 1224360.71573891, 1263430.93105584, 1255761.0617256, 1242901.85940113, 1238442.67308379, 1215855.53863038, 1176493.76921412, 1140325.83191464, 1121181.92349718, 1044021.09556268, 1005059.65767269, 1014470.4515132, 950724.304575786)))
"PER","Peru","Peru","South America",1280000,29546963,23.08356484375,"5. Emerging region: G20","3. Upper middle income",8369.72652654691,74.089,5.8,2.28,0.212018694892542,34.5554615304845,list(list(c(-6419275.46500555, -6436710.98914914, -6480348.35589437, -6581125.12190393, -6595004.40039428, -6792147.96790927, -6972841.27215579, -7052320.27026989, -7101010.62262557, -7089180.4336224, -7182782.32581097, -7293204.61351406, -7398287.80144427, -7439939.7213223, -7474475.51095741, -7551399.3271784, -7620585.64236727, -7592666.85564328, -7642751.73579877, -7616372.72964932, -7543666.19870194, -7531153.82227019, -7557086.78185245, -7553119.29651248, -7514628.25676054, -7476267.60146662, 
-7434713.67029371, -7383396.84766396, -7368174.67691789, -7313278.53881063, -7201263.89339855, -7100683.42798232, -7072116.17236837, -7085576.75683156, -7060523.23297126, -6997888.2673796, -6967575.22581736, -6923817.90757845, -6866882.72632971, -6796662.30103653, -6745379.33533013, -6711123.7320491, -6654882.22086359, -6581984.89045992, -6639934.58147194, -6611812.93870593, -6563102.17481815, -6647881.80296445, -6659945.52637832, -6736190.87260861, -6840758.92210168, -6845430.38301547, -6867653.85888883, 
-6855434.9759363, -6910461.67916122, -6907826.65864951, -6931400.57606979, -6886383.21554577, -6829946.93538186, -6846397.63361124, -6783890.63039578, -6744238.81823878, -6661577.2072086, -6589555.60635708, -6583268.06483912, -6539799.6232754, -6488679.21687368, -6393168.46610691, -6409800.62409246, -6407048.52158625, -6399486.07578523, -6429933.51248123, -6408888.40253165, -6426025.25823563, -6375558.22712085, -6419275.46500555, -2295459.37960225, -2361059.43653326, -2393680.740158, -2320268.74948916, 
-2267719.96245953, -2138823.22265443, -1997973.36093756, -1918392.4103171, -1811525.84762785, -1774195.52848086, -1603843.64908515, -1363492.64344539, -1103146.87389452, -1043438.56165126, -946863.265020975, -861199.824107042, -808031.122244858, -749391.185021597, -623975.803492138, -531815.600674588, -448671.713915994, -503483.662800514, -534828.796009693, -583053.130437286, -572574.308295206, -586799.774333537, -653224.788638116, -599113.443290131, -510320.461516614, -395751.303334556, -343806.305345965, 
-205837.202879603, -120140.591189585, -20040.9215357302, -7540.8695411877, -69972.4748452798, -132190.050734153, -166150.803509196, -304318.476585971, -320822.312657275, -285982.126119796, -308778.141039644, -297455.234851976, -359150.600610799, -493176.974155044, -496299.653750235, -566270.373276271, -560095.413969258, -579877.594811415, -605191.731206113, -694705.56270593, -756053.765308809, -801771.95419108, -872788.488675331, -910680.306116698, -966102.139093696, -990080.970258897, -1108107.72277046, 
-1187744.8365895, -1243901.68009987, -1251481.58261374, -1321176.97864324, -1324551.30789798, -1247549.85805356, -1445854.58762364, -1460820.67230972, -1438370.22209167, -1647846.21537608, -1691793.66504696, -1782961.52572742, -1893104.44753526, -1957646.42994183, -2005491.89957461, -2048825.22436937, -2156990.9375823, -2295459.37960225)))
"PRI","Puerto Rico","United States of America","North America",8870,3971020,447.691093573844,"6. Developing region","2. High income: nonOECD",17685.6324067872,NA,NA,NA,NA,NA,list(list(c(-6101378.2970216, -6055548.74062601, -6041672.78347457, -6068696.46146975, -6137993.51017703, -6192322.8155436, -6191731.92685981, -6176615.93154949, -6101378.2970216, 2414977.84705993, 2403732.07265647, 2378357.70875407, 2346125.95863495, 2346882.69271968, 2342371.80137666, 2397063.44676201, 2415723.26272195, 2414977.84705993)))
"PRY","Paraguay","Paraguay","South America",397300,6995655,17.6079914422351,"5. Emerging region: G20","4. Lower middle income",4129.70622479239,72.638,5.8,4.16,0.22390818452618,23.3262227923405,list(list(c(-5715808.67435756, -5698315.05229894, -5703948.66851633, -5672462.06436894, -5516347.42491529, -5430857.08616876, -5338615.79570003, -5332952.64417389, -5298332.06051988, -5285208.56410443, -5186145.49369154, -5151727.80635319, -5086290.87199305, -5064955.15705775, -5043066.67043394, -5026667.28811295, -4992170.5667041, -4960555.55120626, -4925202.52254019, -4916976.4651169, -4920114.38940783, -4928711.15971401, -4929023.14209226, -4997481.63231014, -5065599.96913243, -5169068.37037812, 
-5264510.23184013, -5202437.82405561, -5222779.38575348, -5322425.077865, -5445352.26062786, -5522047.24202435, -5715808.67435756, -2888290.30148732, -2737291.0789753, -2669214.31587198, -2557529.09234689, -2520515.13771248, -2522317.14156603, -2587348.54529132, -2626484.72456199, -2696942.88261534, -2868302.11151973, -2892456.56181715, -2867814.2641594, -2901859.3052717, -2939387.46943343, -3054209.78035021, -3102297.90125707, -3107831.24138215, -3087646.35176525, -3110294.42806772, -3178802.45509747, 
-3252288.88971758, -3323786.49512442, -3432716.84980946, -3526853.16396982, -3546545.77364444, -3527841.6985048, -3494441.55774034, -3307005.04867463, -3252308.12555495, -3203760.82871661, -3111764.49209169, -3092782.73883257, -2888290.30148732)))
"SLV","El Salvador","El Salvador","North America",20720,7185218,346.776930501931,"6. Developing region","4. Lower middle income",6072.18876309668,72.481,5.9,2.07,0.223002528633807,35.6351776532873,list(list(c(-8163417.0638068, -8176871.30588123, -8230549.36089462, -8262746.35920948, -8298500.32816778, -8349302.85477834, -8372618.86027368, -8367668.95559534, -8332208.43081568, -8313173.06025949, -8316383.78134862, -8293756.98368668, -8267621.38643567, -8250501.25312752, -8224747.8546805, -8223181.060861, -8180759.76849216, -8162635.28525599, -8151498.4640763, -8163417.0638068, 1754679.33928092, 1724142.56435306, 1726079.91590059, 1738503.40928866, 1764279.31069298, 1772327.03133634, 1800147.66546302, 
1819137.87636009, 1851790.69287774, 1866098.47700145, 1881330.9348247, 1889289.45417954, 1878413.81551568, 1852603.1403213, 1831849.73343751, 1814413.58681411, 1829839.47062826, 1820606.59719152, 1806586.74149576, 1754679.33928092)))
"SUR","Suriname","Suriname","South America",156000,481267,3.08504487179487,"6. Developing region","3. Upper middle income",8839.16827873093,70.788,6.3,4.25,0.189257738789394,25.4471570389773,list(list(c(-5360608.75674249, -5248972.38213658, -5238210.14185381, -5162095.04143334, -5062215.88684913, -5113903.06375589, -5108412.96087025, -5072974.66234272, -5090299.2268001, -5099403.40184123, -5124028.72598659, -5177539.32584408, -5222069.36873917, -5259853.93015897, -5269691.12345992, -5254196.02199626, -5262914.35501045, -5313916.24155551, -5369991.34131225, -5381206.15025261, -5411278.18340068, -5451128.32997836, -5432331.81488612, -5436677.57927614, -5378848.28580231, -5360608.75674249, 
786526.649199064, 760210.138788613, 783895.59520104, 793377.302011771, 758064.097138806, 645021.059289598, 555008.465191151, 477004.98692092, 420348.406641098, 360103.715472283, 304699.845519007, 332617.581241056, 319147.541809075, 330854.291086377, 292702.707539088, 266507.662436394, 239582.021454471, 250368.852841325, 364916.477858794, 439274.176129232, 439427.290553777, 535036.330927106, 602931.180003533, 633955.040945226, 668275.302258071, 786526.649199064)))
"TTO","Trinidad and Tobago","Trinidad and Tobago","North America",5130,1310000,255.360623781676,"6. Developing region","2. High income: nonOECD",22145.0381679389,70.116,6.4,7.92,0.213840039261616,15.7183467215571,list(list(c(-5757592.86014422, -5702937.72017236, -5683602.77701573, -5692765.49909634, -5771553.68023786, -5787733.20269396, -5758661.05878831, -5757592.86014422, 1413369.18317252, 1430321.48538784, 1425757.84107069, 1328542.5708671, 1314176.86666233, 1325930.844333, 1361833.42135868, 1413369.18317252)))
"URY","Uruguay","Uruguay","South America",175020,3494382,19.9656153582448,"5. Emerging region: G20","3. Upper middle income",12351.2540987219,76.891,6.4,2.91,0.17669974980691,36.1342797674399,list(list(c(-5117039.99896921, -5061490.14691367, -4957347.1482703, -4924995.66815388, -4821411.46625588, -4741325.85681828, -4676966.29973384, -4706153.87418665, -4670317.2329912, -4695035.91530782, -4781507.68094938, -4850188.91251097, -4894944.78740815, -4985134.33524421, -5043572.32483285, -5109319.99145578, -5116996.12736052, -5102864.3546503, -5125225.6126068, -5123045.55647901, -5117039.99896921, -3870869.21152451, -3858008.87057098, -3951107.34445105, -3947601.01776544, -4024382.43345695, 
-4090367.51568403, -4171257.18277085, -4227421.27752814, -4294235.15863851, -4368049.11493139, -4433047.93763388, -4409692.78968205, -4422213.62509004, -4371990.84540799, -4375750.00737689, -4310835.17289271, -4234652.1950871, -4208327.33149716, -4090041.15595457, -3967128.71995148, -3870869.21152451)))
"VEN","Venezuela","Venezuela","South America",882050,26814843,30.4005929369083,"5. Emerging region: G20","3. Upper middle income",13328.4390290855,73.885,7.1,3.57,0.189279950998774,33.5699596626624,list(list(c(-6649211.6562208, -6654103.79009665, -6709943.86014351, -6683675.43084809, -6689390.22582514, -6735433.83129308, -6706205.01728192, -6665401.89355171, -6638833.98220183, -6664936.6839473, -6663126.50931591, -6543277.26261878, -6551809.95127779, -6516109.85362318, -6489258.50624285, -6424002.96724741, -6368256.30929024, -6367364.45335792, -6283599.70822556, -6183019.46067694, -6133056.23725064, -6062542.98628877, -6007786.43737165, -6004771.87087837, -5888664.33476776, -5776686.81190536, 
-5858192.43244373, -5829712.81409213, -5755506.28757766, -5687940.35524635, -5678021.58267462, -5629115.08995391, -5593811.37948719, -5671253.15236967, -5681354.19744585, -5651128.27542342, -5675302.15807757, -5733741.90035442, -5733956.92191313, -5760537.86192811, -5699991.82103447, -5688553.35483547, -5724137.43398912, -5830309.36919304, -5898292.97339526, -5926064.71743465, -6000039.37269975, -6069180.41936566, -6087058.53862608, -6045773.67052937, -6051267.70175202, -6039523.25342614, -5960069.95803098, 
-5955338.34886794, -6022895.6418345, -6034347.52184951, -6073216.11627893, -6143332.51655665, -6161742.23878727, -6234866.5786591, -6286222.19828896, -6313549.1987319, -6337875.64088345, -6371509.44269957, -6322719.72926003, -6325360.42503463, -6351217.35307181, -6367967.26852598, -6357918.51945153, -6335580.32929116, -6316271.08556003, -6348620.87587354, -6402625.3704694, -6469919.19163906, -6508345.24084492, -6569866.81010098, -6623595.02152603, -6744669.48550672, -6764934.15761071, -6787488.20313041, 
-6789485.97978327, -6775970.55434742, -6780634.4722767, -6799733.32380384, -6808352.88629786, -6856127.33761375, -6825585.72684171, -6808162.09911747, -6777747.40939525, -6739026.81030854, -6710696.85229297, -6649211.6562208, 1545773.20953309, 1515014.10350779, 1499815.43277413, 1440681.05174749, 1372469.28658939, 1296627.31812136, 1192903.40836133, 1201397.60776401, 1295888.06153467, 1341852.37684536, 1440617.05255309, 1493589.51384799, 1554952.45438854, 1595989.23908818, 1504546.70754806, 1502433.49498381, 
1429766.58004178, 1386582.51923903, 1385436.30972223, 1398842.3503429, 1340398.4237404, 1324261.2033953, 1365043.98158935, 1397901.95991362, 1405768.46780663, 1407581.60797829, 1369046.73400705, 1307411.48968051, 1297596.10397065, 1233327.79455674, 1128499.69106047, 1131456.38595752, 1100588.58661519, 1023616.0899602, 975808.339351684, 927125.713822076, 902541.519311704, 881472.465737469, 820833.612488808, 784676.430163163, 684937.982179283, 647828.215051695, 597624.512866075, 548363.812336098, 527941.985209204, 
496823.57901881, 529727.501545755, 546568.283700632, 534454.782104171, 500330.569977833, 412052.13898225, 329094.394133147, 317772.248960649, 290081.252614828, 252588.832190587, 196775.823376488, 175144.782675753, 144375.61553834, 104038.115567615, 95496.2851507646, 165210.962332116, 296634.850045881, 342700.121496778, 371730.433972533, 437293.886439744, 466775.145562715, 505895.360680447, 593344.373904287, 687679.793047585, 731819.655315649, 802596.880559145, 825170.902149616, 810189.928104367, 
817222.472766628, 803173.928794342, 916163.588007867, 932882.643062728, 920263.079924797, 966027.658908739, 976960.536948435, 1004331.28066336, 1052848.84432992, 1105596.96106201, 1134406.20905842, 1194573.25275083, 1203334.27646431, 1279787.9305248, 1372971.6959059, 1421451.47420902, 1458830.64380497, 1523955.8838734, 1545773.20953309)))
